X,Y
436328.9,4850334
436333.9,4850334
436338.8,4850334
436343.7,4850334
436348.7,4850334
436353.6,4850334
436358.5,4850334
436363.5,4850334
436328.9,4850329
436333.9,4850329
436338.8,4850329
436343.7,4850329
436348.7,4850329
436353.6,4850329
436358.5,4850329
436363.5,4850329
436368.4,4850329
436373.3,4850329
436378.3,4850329
436383.2,4850329
436328.9,4850324
436333.9,4850324
436338.8,4850324
436343.7,4850324
436348.7,4850324
436353.6,4850324
436358.5,4850324
436363.5,4850324
436368.4,4850324
436373.3,4850324
436378.3,4850324
436383.2,4850324
436388.1,4850324
436393.1,4850324
436398,4850324
436328.9,4850319
436333.9,4850319
436338.8,4850319
436343.7,4850319
436348.7,4850319
436353.6,4850319
436358.5,4850319
436363.5,4850319
436368.4,4850319
436373.3,4850319
436378.3,4850319
436383.2,4850319
436388.1,4850319
436393.1,4850319
436398,4850319
436402.9,4850319
436407.9,4850319
436412.8,4850319
436328.9,4850314
436333.9,4850314
436338.8,4850314
436343.7,4850314
436348.7,4850314
436353.6,4850314
436358.5,4850314
436363.5,4850314
436368.4,4850314
436373.3,4850314
436378.3,4850314
436383.2,4850314
436388.1,4850314
436393.1,4850314
436398,4850314
436402.9,4850314
436407.9,4850314
436412.8,4850314
436417.7,4850314
436422.7,4850314
436328.9,4850309
436333.9,4850309
436338.8,4850309
436343.7,4850309
436348.7,4850309
436353.6,4850309
436358.5,4850309
436363.5,4850309
436368.4,4850309
436373.3,4850309
436378.3,4850309
436383.2,4850309
436388.1,4850309
436393.1,4850309
436398,4850309
436402.9,4850309
436407.9,4850309
436412.8,4850309
436417.7,4850309
436422.7,4850309
436427.6,4850309
436432.5,4850309
436328.9,4850304
436333.9,4850304
436338.8,4850304
436343.7,4850304
436348.7,4850304
436353.6,4850304
436358.5,4850304
436363.5,4850304
436368.4,4850304
436373.3,4850304
436378.3,4850304
436383.2,4850304
436388.1,4850304
436393.1,4850304
436398,4850304
436402.9,4850304
436407.9,4850304
436412.8,4850304
436417.7,4850304
436422.7,4850304
436427.6,4850304
436432.5,4850304
436437.4,4850304
436442.4,4850304
436328.9,4850299
436333.9,4850299
436338.8,4850299
436343.7,4850299
436348.7,4850299
436353.6,4850299
436358.5,4850299
436363.5,4850299
436368.4,4850299
436373.3,4850299
436378.3,4850299
436383.2,4850299
436388.1,4850299
436393.1,4850299
436398,4850299
436402.9,4850299
436407.9,4850299
436412.8,4850299
436417.7,4850299
436422.7,4850299
436427.6,4850299
436432.5,4850299
436437.4,4850299
436442.4,4850299
436447.3,4850299
436452.2,4850299
436328.9,4850294
436333.9,4850294
436338.8,4850294
436343.7,4850294
436348.7,4850294
436353.6,4850294
436358.5,4850294
436363.5,4850294
436368.4,4850294
436373.3,4850294
436378.3,4850294
436383.2,4850294
436388.1,4850294
436393.1,4850294
436398,4850294
436402.9,4850294
436407.9,4850294
436412.8,4850294
436417.7,4850294
436422.7,4850294
436427.6,4850294
436432.5,4850294
436437.4,4850294
436442.4,4850294
436447.3,4850294
436452.2,4850294
436457.2,4850294
436462.1,4850294
436328.9,4850289
436333.9,4850289
436338.8,4850289
436343.7,4850289
436348.7,4850289
436353.6,4850289
436358.5,4850289
436363.5,4850289
436368.4,4850289
436373.3,4850289
436378.3,4850289
436383.2,4850289
436388.1,4850289
436393.1,4850289
436398,4850289
436402.9,4850289
436407.9,4850289
436412.8,4850289
436417.7,4850289
436422.7,4850289
436427.6,4850289
436432.5,4850289
436437.4,4850289
436442.4,4850289
436447.3,4850289
436452.2,4850289
436457.2,4850289
436462.1,4850289
436467,4850289
436328.9,4850284
436333.9,4850284
436338.8,4850284
436343.7,4850284
436348.7,4850284
436353.6,4850284
436358.5,4850284
436363.5,4850284
436368.4,4850284
436373.3,4850284
436378.3,4850284
436383.2,4850284
436388.1,4850284
436393.1,4850284
436398,4850284
436402.9,4850284
436407.9,4850284
436412.8,4850284
436417.7,4850284
436422.7,4850284
436427.6,4850284
436432.5,4850284
436437.4,4850284
436442.4,4850284
436447.3,4850284
436452.2,4850284
436457.2,4850284
436462.1,4850284
436467,4850284
436472,4850284
436328.9,4850279
436333.9,4850279
436338.8,4850279
436343.7,4850279
436348.7,4850279
436353.6,4850279
436358.5,4850279
436363.5,4850279
436368.4,4850279
436373.3,4850279
436378.3,4850279
436383.2,4850279
436388.1,4850279
436393.1,4850279
436398,4850279
436402.9,4850279
436407.9,4850279
436412.8,4850279
436417.7,4850279
436422.7,4850279
436427.6,4850279
436432.5,4850279
436437.4,4850279
436442.4,4850279
436447.3,4850279
436452.2,4850279
436457.2,4850279
436462.1,4850279
436467,4850279
436472,4850279
436476.9,4850279
436328.9,4850274
436333.9,4850274
436338.8,4850274
436343.7,4850274
436348.7,4850274
436353.6,4850274
436358.5,4850274
436363.5,4850274
436368.4,4850274
436373.3,4850274
436378.3,4850274
436383.2,4850274
436388.1,4850274
436393.1,4850274
436398,4850274
436402.9,4850274
436407.9,4850274
436412.8,4850274
436417.7,4850274
436422.7,4850274
436427.6,4850274
436432.5,4850274
436437.4,4850274
436442.4,4850274
436447.3,4850274
436452.2,4850274
436457.2,4850274
436462.1,4850274
436467,4850274
436472,4850274
436476.9,4850274
436481.8,4850274
436486.8,4850274
436328.9,4850269
436333.9,4850269
436338.8,4850269
436343.7,4850269
436348.7,4850269
436353.6,4850269
436358.5,4850269
436363.5,4850269
436368.4,4850269
436373.3,4850269
436378.3,4850269
436383.2,4850269
436388.1,4850269
436393.1,4850269
436398,4850269
436402.9,4850269
436407.9,4850269
436412.8,4850269
436417.7,4850269
436422.7,4850269
436427.6,4850269
436432.5,4850269
436437.4,4850269
436442.4,4850269
436447.3,4850269
436452.2,4850269
436457.2,4850269
436462.1,4850269
436467,4850269
436472,4850269
436476.9,4850269
436481.8,4850269
436486.8,4850269
436491.7,4850269
436328.9,4850264
436333.9,4850264
436338.8,4850264
436343.7,4850264
436348.7,4850264
436353.6,4850264
436358.5,4850264
436363.5,4850264
436368.4,4850264
436373.3,4850264
436378.3,4850264
436383.2,4850264
436388.1,4850264
436393.1,4850264
436398,4850264
436402.9,4850264
436407.9,4850264
436412.8,4850264
436417.7,4850264
436422.7,4850264
436427.6,4850264
436432.5,4850264
436437.4,4850264
436442.4,4850264
436447.3,4850264
436452.2,4850264
436457.2,4850264
436462.1,4850264
436467,4850264
436472,4850264
436476.9,4850264
436481.8,4850264
436486.8,4850264
436491.7,4850264
436496.6,4850264
436328.9,4850259
436333.9,4850259
436338.8,4850259
436343.7,4850259
436348.7,4850259
436353.6,4850259
436358.5,4850259
436363.5,4850259
436368.4,4850259
436373.3,4850259
436378.3,4850259
436383.2,4850259
436388.1,4850259
436393.1,4850259
436398,4850259
436402.9,4850259
436407.9,4850259
436412.8,4850259
436417.7,4850259
436422.7,4850259
436427.6,4850259
436432.5,4850259
436437.4,4850259
436442.4,4850259
436447.3,4850259
436452.2,4850259
436457.2,4850259
436462.1,4850259
436467,4850259
436472,4850259
436476.9,4850259
436481.8,4850259
436486.8,4850259
436491.7,4850259
436496.6,4850259
436501.6,4850259
436328.9,4850254
436333.9,4850254
436338.8,4850254
436343.7,4850254
436348.7,4850254
436353.6,4850254
436358.5,4850254
436363.5,4850254
436368.4,4850254
436373.3,4850254
436378.3,4850254
436383.2,4850254
436388.1,4850254
436393.1,4850254
436398,4850254
436402.9,4850254
436407.9,4850254
436412.8,4850254
436417.7,4850254
436422.7,4850254
436427.6,4850254
436432.5,4850254
436437.4,4850254
436442.4,4850254
436447.3,4850254
436452.2,4850254
436457.2,4850254
436462.1,4850254
436467,4850254
436472,4850254
436476.9,4850254
436481.8,4850254
436486.8,4850254
436491.7,4850254
436496.6,4850254
436501.6,4850254
436506.5,4850254
436328.9,4850249
436333.9,4850249
436338.8,4850249
436343.7,4850249
436348.7,4850249
436353.6,4850249
436358.5,4850249
436363.5,4850249
436368.4,4850249
436373.3,4850249
436378.3,4850249
436383.2,4850249
436388.1,4850249
436393.1,4850249
436398,4850249
436402.9,4850249
436407.9,4850249
436412.8,4850249
436417.7,4850249
436422.7,4850249
436427.6,4850249
436432.5,4850249
436437.4,4850249
436442.4,4850249
436447.3,4850249
436452.2,4850249
436457.2,4850249
436462.1,4850249
436467,4850249
436472,4850249
436476.9,4850249
436481.8,4850249
436486.8,4850249
436491.7,4850249
436496.6,4850249
436501.6,4850249
436506.5,4850249
436511.4,4850249
436328.9,4850245
436333.9,4850245
436338.8,4850245
436343.7,4850245
436348.7,4850245
436353.6,4850245
436358.5,4850245
436363.5,4850245
436368.4,4850245
436373.3,4850245
436378.3,4850245
436383.2,4850245
436388.1,4850245
436393.1,4850245
436398,4850245
436402.9,4850245
436407.9,4850245
436412.8,4850245
436417.7,4850245
436422.7,4850245
436427.6,4850245
436432.5,4850245
436437.4,4850245
436442.4,4850245
436447.3,4850245
436452.2,4850245
436457.2,4850245
436462.1,4850245
436467,4850245
436472,4850245
436476.9,4850245
436481.8,4850245
436486.8,4850245
436491.7,4850245
436496.6,4850245
436501.6,4850245
436506.5,4850245
436511.4,4850245
436516.4,4850245
436328.9,4850240
436333.9,4850240
436338.8,4850240
436343.7,4850240
436348.7,4850240
436353.6,4850240
436358.5,4850240
436363.5,4850240
436368.4,4850240
436373.3,4850240
436378.3,4850240
436383.2,4850240
436388.1,4850240
436393.1,4850240
436398,4850240
436402.9,4850240
436407.9,4850240
436412.8,4850240
436417.7,4850240
436422.7,4850240
436427.6,4850240
436432.5,4850240
436437.4,4850240
436442.4,4850240
436447.3,4850240
436452.2,4850240
436457.2,4850240
436462.1,4850240
436467,4850240
436472,4850240
436476.9,4850240
436481.8,4850240
436486.8,4850240
436491.7,4850240
436496.6,4850240
436501.6,4850240
436506.5,4850240
436511.4,4850240
436516.4,4850240
436521.3,4850240
436328.9,4850235
436333.9,4850235
436338.8,4850235
436343.7,4850235
436348.7,4850235
436353.6,4850235
436358.5,4850235
436363.5,4850235
436368.4,4850235
436373.3,4850235
436378.3,4850235
436383.2,4850235
436388.1,4850235
436393.1,4850235
436398,4850235
436402.9,4850235
436407.9,4850235
436412.8,4850235
436417.7,4850235
436422.7,4850235
436427.6,4850235
436432.5,4850235
436437.4,4850235
436442.4,4850235
436447.3,4850235
436452.2,4850235
436457.2,4850235
436462.1,4850235
436467,4850235
436472,4850235
436476.9,4850235
436481.8,4850235
436486.8,4850235
436491.7,4850235
436496.6,4850235
436501.6,4850235
436506.5,4850235
436511.4,4850235
436516.4,4850235
436521.3,4850235
436526.2,4850235
436328.9,4850230
436333.9,4850230
436338.8,4850230
436343.7,4850230
436348.7,4850230
436353.6,4850230
436358.5,4850230
436363.5,4850230
436368.4,4850230
436373.3,4850230
436378.3,4850230
436383.2,4850230
436388.1,4850230
436393.1,4850230
436398,4850230
436402.9,4850230
436407.9,4850230
436412.8,4850230
436417.7,4850230
436422.7,4850230
436427.6,4850230
436432.5,4850230
436437.4,4850230
436442.4,4850230
436447.3,4850230
436452.2,4850230
436457.2,4850230
436462.1,4850230
436467,4850230
436472,4850230
436476.9,4850230
436481.8,4850230
436486.8,4850230
436491.7,4850230
436496.6,4850230
436501.6,4850230
436506.5,4850230
436511.4,4850230
436516.4,4850230
436521.3,4850230
436526.2,4850230
436531.2,4850230
436328.9,4850225
436333.9,4850225
436338.8,4850225
436343.7,4850225
436348.7,4850225
436353.6,4850225
436358.5,4850225
436363.5,4850225
436368.4,4850225
436373.3,4850225
436378.3,4850225
436383.2,4850225
436388.1,4850225
436393.1,4850225
436398,4850225
436402.9,4850225
436407.9,4850225
436412.8,4850225
436417.7,4850225
436422.7,4850225
436427.6,4850225
436432.5,4850225
436437.4,4850225
436442.4,4850225
436447.3,4850225
436452.2,4850225
436457.2,4850225
436462.1,4850225
436467,4850225
436472,4850225
436476.9,4850225
436481.8,4850225
436486.8,4850225
436491.7,4850225
436496.6,4850225
436501.6,4850225
436506.5,4850225
436511.4,4850225
436516.4,4850225
436521.3,4850225
436526.2,4850225
436531.2,4850225
436328.9,4850220
436333.9,4850220
436338.8,4850220
436343.7,4850220
436348.7,4850220
436353.6,4850220
436358.5,4850220
436363.5,4850220
436368.4,4850220
436373.3,4850220
436378.3,4850220
436383.2,4850220
436388.1,4850220
436393.1,4850220
436398,4850220
436402.9,4850220
436407.9,4850220
436412.8,4850220
436417.7,4850220
436422.7,4850220
436427.6,4850220
436432.5,4850220
436437.4,4850220
436442.4,4850220
436447.3,4850220
436452.2,4850220
436457.2,4850220
436462.1,4850220
436467,4850220
436472,4850220
436476.9,4850220
436481.8,4850220
436486.8,4850220
436491.7,4850220
436496.6,4850220
436501.6,4850220
436506.5,4850220
436511.4,4850220
436516.4,4850220
436521.3,4850220
436526.2,4850220
436531.2,4850220
436536.1,4850220
436328.9,4850215
436333.9,4850215
436338.8,4850215
436343.7,4850215
436348.7,4850215
436353.6,4850215
436358.5,4850215
436363.5,4850215
436368.4,4850215
436373.3,4850215
436378.3,4850215
436383.2,4850215
436388.1,4850215
436393.1,4850215
436398,4850215
436402.9,4850215
436407.9,4850215
436412.8,4850215
436417.7,4850215
436422.7,4850215
436427.6,4850215
436432.5,4850215
436437.4,4850215
436442.4,4850215
436447.3,4850215
436452.2,4850215
436457.2,4850215
436462.1,4850215
436467,4850215
436472,4850215
436476.9,4850215
436481.8,4850215
436486.8,4850215
436491.7,4850215
436496.6,4850215
436501.6,4850215
436506.5,4850215
436511.4,4850215
436516.4,4850215
436521.3,4850215
436526.2,4850215
436531.2,4850215
436536.1,4850215
436328.9,4850210
436333.9,4850210
436338.8,4850210
436343.7,4850210
436348.7,4850210
436353.6,4850210
436358.5,4850210
436363.5,4850210
436368.4,4850210
436373.3,4850210
436378.3,4850210
436383.2,4850210
436388.1,4850210
436393.1,4850210
436398,4850210
436402.9,4850210
436407.9,4850210
436412.8,4850210
436417.7,4850210
436422.7,4850210
436427.6,4850210
436432.5,4850210
436437.4,4850210
436442.4,4850210
436447.3,4850210
436452.2,4850210
436457.2,4850210
436462.1,4850210
436467,4850210
436472,4850210
436476.9,4850210
436481.8,4850210
436486.8,4850210
436491.7,4850210
436496.6,4850210
436501.6,4850210
436506.5,4850210
436511.4,4850210
436516.4,4850210
436521.3,4850210
436526.2,4850210
436531.2,4850210
436536.1,4850210
436541,4850210
436328.9,4850205
436333.9,4850205
436338.8,4850205
436343.7,4850205
436348.7,4850205
436353.6,4850205
436358.5,4850205
436363.5,4850205
436368.4,4850205
436373.3,4850205
436378.3,4850205
436383.2,4850205
436388.1,4850205
436393.1,4850205
436398,4850205
436402.9,4850205
436407.9,4850205
436412.8,4850205
436417.7,4850205
436422.7,4850205
436427.6,4850205
436432.5,4850205
436437.4,4850205
436442.4,4850205
436447.3,4850205
436452.2,4850205
436457.2,4850205
436462.1,4850205
436467,4850205
436472,4850205
436476.9,4850205
436481.8,4850205
436486.8,4850205
436491.7,4850205
436496.6,4850205
436501.6,4850205
436506.5,4850205
436511.4,4850205
436516.4,4850205
436521.3,4850205
436526.2,4850205
436531.2,4850205
436536.1,4850205
436541,4850205
436546,4850205
436328.9,4850200
436333.9,4850200
436338.8,4850200
436343.7,4850200
436348.7,4850200
436353.6,4850200
436358.5,4850200
436363.5,4850200
436368.4,4850200
436373.3,4850200
436378.3,4850200
436383.2,4850200
436388.1,4850200
436393.1,4850200
436398,4850200
436402.9,4850200
436407.9,4850200
436412.8,4850200
436417.7,4850200
436422.7,4850200
436427.6,4850200
436432.5,4850200
436437.4,4850200
436442.4,4850200
436447.3,4850200
436452.2,4850200
436457.2,4850200
436462.1,4850200
436467,4850200
436472,4850200
436476.9,4850200
436481.8,4850200
436486.8,4850200
436491.7,4850200
436496.6,4850200
436501.6,4850200
436506.5,4850200
436511.4,4850200
436516.4,4850200
436521.3,4850200
436526.2,4850200
436531.2,4850200
436536.1,4850200
436541,4850200
436546,4850200
436328.9,4850195
436333.9,4850195
436338.8,4850195
436343.7,4850195
436348.7,4850195
436353.6,4850195
436358.5,4850195
436363.5,4850195
436368.4,4850195
436373.3,4850195
436378.3,4850195
436383.2,4850195
436388.1,4850195
436393.1,4850195
436398,4850195
436402.9,4850195
436407.9,4850195
436412.8,4850195
436417.7,4850195
436422.7,4850195
436427.6,4850195
436432.5,4850195
436437.4,4850195
436442.4,4850195
436447.3,4850195
436452.2,4850195
436457.2,4850195
436462.1,4850195
436467,4850195
436472,4850195
436476.9,4850195
436481.8,4850195
436486.8,4850195
436491.7,4850195
436496.6,4850195
436501.6,4850195
436506.5,4850195
436511.4,4850195
436516.4,4850195
436521.3,4850195
436526.2,4850195
436531.2,4850195
436536.1,4850195
436541,4850195
436546,4850195
436550.9,4850195
436328.9,4850190
436333.9,4850190
436338.8,4850190
436343.7,4850190
436348.7,4850190
436353.6,4850190
436358.5,4850190
436363.5,4850190
436368.4,4850190
436373.3,4850190
436378.3,4850190
436383.2,4850190
436388.1,4850190
436393.1,4850190
436398,4850190
436402.9,4850190
436407.9,4850190
436412.8,4850190
436417.7,4850190
436422.7,4850190
436427.6,4850190
436432.5,4850190
436437.4,4850190
436442.4,4850190
436447.3,4850190
436452.2,4850190
436457.2,4850190
436462.1,4850190
436467,4850190
436472,4850190
436476.9,4850190
436481.8,4850190
436486.8,4850190
436491.7,4850190
436496.6,4850190
436501.6,4850190
436506.5,4850190
436511.4,4850190
436516.4,4850190
436521.3,4850190
436526.2,4850190
436531.2,4850190
436536.1,4850190
436541,4850190
436546,4850190
436550.9,4850190
436555.8,4850190
436328.9,4850185
436333.9,4850185
436338.8,4850185
436343.7,4850185
436348.7,4850185
436353.6,4850185
436358.5,4850185
436363.5,4850185
436368.4,4850185
436373.3,4850185
436378.3,4850185
436383.2,4850185
436388.1,4850185
436393.1,4850185
436398,4850185
436402.9,4850185
436407.9,4850185
436412.8,4850185
436417.7,4850185
436422.7,4850185
436427.6,4850185
436432.5,4850185
436437.4,4850185
436442.4,4850185
436447.3,4850185
436452.2,4850185
436457.2,4850185
436462.1,4850185
436467,4850185
436472,4850185
436476.9,4850185
436481.8,4850185
436486.8,4850185
436491.7,4850185
436496.6,4850185
436501.6,4850185
436506.5,4850185
436511.4,4850185
436516.4,4850185
436521.3,4850185
436526.2,4850185
436531.2,4850185
436536.1,4850185
436541,4850185
436546,4850185
436550.9,4850185
436555.8,4850185
436328.9,4850180
436333.9,4850180
436338.8,4850180
436343.7,4850180
436348.7,4850180
436353.6,4850180
436358.5,4850180
436363.5,4850180
436368.4,4850180
436373.3,4850180
436378.3,4850180
436383.2,4850180
436388.1,4850180
436393.1,4850180
436398,4850180
436402.9,4850180
436407.9,4850180
436412.8,4850180
436417.7,4850180
436422.7,4850180
436427.6,4850180
436432.5,4850180
436437.4,4850180
436442.4,4850180
436447.3,4850180
436452.2,4850180
436457.2,4850180
436462.1,4850180
436467,4850180
436472,4850180
436476.9,4850180
436481.8,4850180
436486.8,4850180
436491.7,4850180
436496.6,4850180
436501.6,4850180
436506.5,4850180
436511.4,4850180
436516.4,4850180
436521.3,4850180
436526.2,4850180
436531.2,4850180
436536.1,4850180
436541,4850180
436546,4850180
436550.9,4850180
436555.8,4850180
436560.8,4850180
436328.9,4850175
436333.9,4850175
436338.8,4850175
436343.7,4850175
436348.7,4850175
436353.6,4850175
436358.5,4850175
436363.5,4850175
436368.4,4850175
436373.3,4850175
436378.3,4850175
436383.2,4850175
436388.1,4850175
436393.1,4850175
436398,4850175
436402.9,4850175
436407.9,4850175
436412.8,4850175
436417.7,4850175
436422.7,4850175
436427.6,4850175
436432.5,4850175
436437.4,4850175
436442.4,4850175
436447.3,4850175
436452.2,4850175
436457.2,4850175
436462.1,4850175
436467,4850175
436472,4850175
436476.9,4850175
436481.8,4850175
436486.8,4850175
436491.7,4850175
436496.6,4850175
436501.6,4850175
436506.5,4850175
436511.4,4850175
436516.4,4850175
436521.3,4850175
436526.2,4850175
436531.2,4850175
436536.1,4850175
436541,4850175
436546,4850175
436550.9,4850175
436555.8,4850175
436560.8,4850175
436328.9,4850170
436333.9,4850170
436338.8,4850170
436343.7,4850170
436348.7,4850170
436353.6,4850170
436358.5,4850170
436363.5,4850170
436368.4,4850170
436373.3,4850170
436378.3,4850170
436383.2,4850170
436388.1,4850170
436393.1,4850170
436398,4850170
436402.9,4850170
436407.9,4850170
436412.8,4850170
436417.7,4850170
436422.7,4850170
436427.6,4850170
436432.5,4850170
436437.4,4850170
436442.4,4850170
436447.3,4850170
436452.2,4850170
436457.2,4850170
436462.1,4850170
436467,4850170
436472,4850170
436476.9,4850170
436481.8,4850170
436486.8,4850170
436491.7,4850170
436496.6,4850170
436501.6,4850170
436506.5,4850170
436511.4,4850170
436516.4,4850170
436521.3,4850170
436526.2,4850170
436531.2,4850170
436536.1,4850170
436541,4850170
436546,4850170
436550.9,4850170
436555.8,4850170
436560.8,4850170
436565.7,4850170
436324,4850165
436328.9,4850165
436333.9,4850165
436338.8,4850165
436343.7,4850165
436348.7,4850165
436353.6,4850165
436358.5,4850165
436363.5,4850165
436368.4,4850165
436373.3,4850165
436378.3,4850165
436383.2,4850165
436388.1,4850165
436393.1,4850165
436398,4850165
436402.9,4850165
436407.9,4850165
436412.8,4850165
436417.7,4850165
436422.7,4850165
436427.6,4850165
436432.5,4850165
436437.4,4850165
436442.4,4850165
436447.3,4850165
436452.2,4850165
436457.2,4850165
436462.1,4850165
436467,4850165
436472,4850165
436476.9,4850165
436481.8,4850165
436486.8,4850165
436491.7,4850165
436496.6,4850165
436501.6,4850165
436506.5,4850165
436511.4,4850165
436516.4,4850165
436521.3,4850165
436526.2,4850165
436531.2,4850165
436536.1,4850165
436541,4850165
436546,4850165
436550.9,4850165
436555.8,4850165
436560.8,4850165
436565.7,4850165
436324,4850160
436328.9,4850160
436333.9,4850160
436338.8,4850160
436343.7,4850160
436348.7,4850160
436353.6,4850160
436358.5,4850160
436363.5,4850160
436368.4,4850160
436373.3,4850160
436378.3,4850160
436383.2,4850160
436388.1,4850160
436393.1,4850160
436398,4850160
436402.9,4850160
436407.9,4850160
436412.8,4850160
436417.7,4850160
436422.7,4850160
436427.6,4850160
436432.5,4850160
436437.4,4850160
436442.4,4850160
436447.3,4850160
436452.2,4850160
436457.2,4850160
436462.1,4850160
436467,4850160
436472,4850160
436476.9,4850160
436481.8,4850160
436486.8,4850160
436491.7,4850160
436496.6,4850160
436501.6,4850160
436506.5,4850160
436511.4,4850160
436516.4,4850160
436521.3,4850160
436526.2,4850160
436531.2,4850160
436536.1,4850160
436541,4850160
436546,4850160
436550.9,4850160
436555.8,4850160
436560.8,4850160
436565.7,4850160
436570.6,4850160
436324,4850155
436328.9,4850155
436333.9,4850155
436338.8,4850155
436343.7,4850155
436348.7,4850155
436353.6,4850155
436358.5,4850155
436363.5,4850155
436368.4,4850155
436373.3,4850155
436378.3,4850155
436383.2,4850155
436388.1,4850155
436393.1,4850155
436398,4850155
436402.9,4850155
436407.9,4850155
436412.8,4850155
436417.7,4850155
436422.7,4850155
436427.6,4850155
436432.5,4850155
436437.4,4850155
436442.4,4850155
436447.3,4850155
436452.2,4850155
436457.2,4850155
436462.1,4850155
436467,4850155
436472,4850155
436476.9,4850155
436481.8,4850155
436486.8,4850155
436491.7,4850155
436496.6,4850155
436501.6,4850155
436506.5,4850155
436511.4,4850155
436516.4,4850155
436521.3,4850155
436526.2,4850155
436531.2,4850155
436536.1,4850155
436541,4850155
436546,4850155
436550.9,4850155
436555.8,4850155
436560.8,4850155
436565.7,4850155
436570.6,4850155
436324,4850150
436328.9,4850150
436333.9,4850150
436338.8,4850150
436343.7,4850150
436348.7,4850150
436353.6,4850150
436358.5,4850150
436363.5,4850150
436368.4,4850150
436373.3,4850150
436378.3,4850150
436383.2,4850150
436388.1,4850150
436393.1,4850150
436398,4850150
436402.9,4850150
436407.9,4850150
436412.8,4850150
436417.7,4850150
436422.7,4850150
436427.6,4850150
436432.5,4850150
436437.4,4850150
436442.4,4850150
436447.3,4850150
436452.2,4850150
436457.2,4850150
436462.1,4850150
436467,4850150
436472,4850150
436476.9,4850150
436481.8,4850150
436486.8,4850150
436491.7,4850150
436496.6,4850150
436501.6,4850150
436506.5,4850150
436511.4,4850150
436516.4,4850150
436521.3,4850150
436526.2,4850150
436531.2,4850150
436536.1,4850150
436541,4850150
436546,4850150
436550.9,4850150
436555.8,4850150
436560.8,4850150
436565.7,4850150
436570.6,4850150
436324,4850146
436328.9,4850146
436333.9,4850146
436338.8,4850146
436343.7,4850146
436348.7,4850146
436353.6,4850146
436358.5,4850146
436363.5,4850146
436368.4,4850146
436373.3,4850146
436378.3,4850146
436383.2,4850146
436388.1,4850146
436393.1,4850146
436398,4850146
436402.9,4850146
436407.9,4850146
436412.8,4850146
436417.7,4850146
436422.7,4850146
436427.6,4850146
436432.5,4850146
436437.4,4850146
436442.4,4850146
436447.3,4850146
436452.2,4850146
436457.2,4850146
436462.1,4850146
436467,4850146
436472,4850146
436476.9,4850146
436481.8,4850146
436486.8,4850146
436491.7,4850146
436496.6,4850146
436501.6,4850146
436506.5,4850146
436511.4,4850146
436516.4,4850146
436521.3,4850146
436526.2,4850146
436531.2,4850146
436536.1,4850146
436541,4850146
436546,4850146
436550.9,4850146
436555.8,4850146
436560.8,4850146
436565.7,4850146
436570.6,4850146
436575.6,4850146
436324,4850141
436328.9,4850141
436333.9,4850141
436338.8,4850141
436343.7,4850141
436348.7,4850141
436353.6,4850141
436358.5,4850141
436363.5,4850141
436368.4,4850141
436373.3,4850141
436378.3,4850141
436383.2,4850141
436388.1,4850141
436393.1,4850141
436398,4850141
436402.9,4850141
436407.9,4850141
436412.8,4850141
436417.7,4850141
436422.7,4850141
436427.6,4850141
436432.5,4850141
436437.4,4850141
436442.4,4850141
436447.3,4850141
436452.2,4850141
436457.2,4850141
436462.1,4850141
436467,4850141
436472,4850141
436476.9,4850141
436481.8,4850141
436486.8,4850141
436491.7,4850141
436496.6,4850141
436501.6,4850141
436506.5,4850141
436511.4,4850141
436516.4,4850141
436521.3,4850141
436526.2,4850141
436531.2,4850141
436536.1,4850141
436541,4850141
436546,4850141
436550.9,4850141
436555.8,4850141
436560.8,4850141
436565.7,4850141
436570.6,4850141
436575.6,4850141
436324,4850136
436328.9,4850136
436333.9,4850136
436338.8,4850136
436343.7,4850136
436348.7,4850136
436353.6,4850136
436358.5,4850136
436363.5,4850136
436368.4,4850136
436373.3,4850136
436378.3,4850136
436383.2,4850136
436388.1,4850136
436393.1,4850136
436398,4850136
436402.9,4850136
436407.9,4850136
436412.8,4850136
436417.7,4850136
436422.7,4850136
436427.6,4850136
436432.5,4850136
436437.4,4850136
436442.4,4850136
436447.3,4850136
436452.2,4850136
436457.2,4850136
436462.1,4850136
436467,4850136
436472,4850136
436476.9,4850136
436481.8,4850136
436486.8,4850136
436491.7,4850136
436496.6,4850136
436501.6,4850136
436506.5,4850136
436511.4,4850136
436516.4,4850136
436521.3,4850136
436526.2,4850136
436531.2,4850136
436536.1,4850136
436541,4850136
436546,4850136
436550.9,4850136
436555.8,4850136
436560.8,4850136
436565.7,4850136
436570.6,4850136
436575.6,4850136
436324,4850131
436328.9,4850131
436333.9,4850131
436338.8,4850131
436343.7,4850131
436348.7,4850131
436353.6,4850131
436358.5,4850131
436363.5,4850131
436368.4,4850131
436373.3,4850131
436378.3,4850131
436383.2,4850131
436388.1,4850131
436393.1,4850131
436398,4850131
436402.9,4850131
436407.9,4850131
436412.8,4850131
436417.7,4850131
436422.7,4850131
436427.6,4850131
436432.5,4850131
436437.4,4850131
436442.4,4850131
436447.3,4850131
436452.2,4850131
436457.2,4850131
436462.1,4850131
436467,4850131
436472,4850131
436476.9,4850131
436481.8,4850131
436486.8,4850131
436491.7,4850131
436496.6,4850131
436501.6,4850131
436506.5,4850131
436511.4,4850131
436516.4,4850131
436521.3,4850131
436526.2,4850131
436531.2,4850131
436536.1,4850131
436541,4850131
436546,4850131
436550.9,4850131
436555.8,4850131
436560.8,4850131
436565.7,4850131
436570.6,4850131
436575.6,4850131
436580.5,4850131
436324,4850126
436328.9,4850126
436333.9,4850126
436338.8,4850126
436343.7,4850126
436348.7,4850126
436353.6,4850126
436358.5,4850126
436363.5,4850126
436368.4,4850126
436373.3,4850126
436378.3,4850126
436383.2,4850126
436388.1,4850126
436393.1,4850126
436398,4850126
436402.9,4850126
436407.9,4850126
436412.8,4850126
436417.7,4850126
436422.7,4850126
436427.6,4850126
436432.5,4850126
436437.4,4850126
436442.4,4850126
436447.3,4850126
436452.2,4850126
436457.2,4850126
436462.1,4850126
436467,4850126
436472,4850126
436476.9,4850126
436481.8,4850126
436486.8,4850126
436491.7,4850126
436496.6,4850126
436501.6,4850126
436506.5,4850126
436511.4,4850126
436516.4,4850126
436521.3,4850126
436526.2,4850126
436531.2,4850126
436536.1,4850126
436541,4850126
436546,4850126
436550.9,4850126
436555.8,4850126
436560.8,4850126
436565.7,4850126
436570.6,4850126
436575.6,4850126
436580.5,4850126
436324,4850121
436328.9,4850121
436333.9,4850121
436338.8,4850121
436343.7,4850121
436348.7,4850121
436353.6,4850121
436358.5,4850121
436363.5,4850121
436368.4,4850121
436373.3,4850121
436378.3,4850121
436383.2,4850121
436388.1,4850121
436393.1,4850121
436398,4850121
436402.9,4850121
436407.9,4850121
436412.8,4850121
436417.7,4850121
436422.7,4850121
436427.6,4850121
436432.5,4850121
436437.4,4850121
436442.4,4850121
436447.3,4850121
436452.2,4850121
436457.2,4850121
436462.1,4850121
436467,4850121
436472,4850121
436476.9,4850121
436481.8,4850121
436486.8,4850121
436491.7,4850121
436496.6,4850121
436501.6,4850121
436506.5,4850121
436511.4,4850121
436516.4,4850121
436521.3,4850121
436526.2,4850121
436531.2,4850121
436536.1,4850121
436541,4850121
436546,4850121
436550.9,4850121
436555.8,4850121
436560.8,4850121
436565.7,4850121
436570.6,4850121
436575.6,4850121
436580.5,4850121
436324,4850116
436328.9,4850116
436333.9,4850116
436338.8,4850116
436343.7,4850116
436348.7,4850116
436353.6,4850116
436358.5,4850116
436363.5,4850116
436368.4,4850116
436373.3,4850116
436378.3,4850116
436383.2,4850116
436388.1,4850116
436393.1,4850116
436398,4850116
436402.9,4850116
436407.9,4850116
436412.8,4850116
436417.7,4850116
436422.7,4850116
436427.6,4850116
436432.5,4850116
436437.4,4850116
436442.4,4850116
436447.3,4850116
436452.2,4850116
436457.2,4850116
436462.1,4850116
436467,4850116
436472,4850116
436476.9,4850116
436481.8,4850116
436486.8,4850116
436491.7,4850116
436496.6,4850116
436501.6,4850116
436506.5,4850116
436511.4,4850116
436516.4,4850116
436521.3,4850116
436526.2,4850116
436531.2,4850116
436536.1,4850116
436541,4850116
436546,4850116
436550.9,4850116
436555.8,4850116
436560.8,4850116
436565.7,4850116
436570.6,4850116
436575.6,4850116
436580.5,4850116
436324,4850111
436328.9,4850111
436333.9,4850111
436338.8,4850111
436343.7,4850111
436348.7,4850111
436353.6,4850111
436358.5,4850111
436363.5,4850111
436368.4,4850111
436373.3,4850111
436378.3,4850111
436383.2,4850111
436388.1,4850111
436393.1,4850111
436398,4850111
436402.9,4850111
436407.9,4850111
436412.8,4850111
436417.7,4850111
436422.7,4850111
436427.6,4850111
436432.5,4850111
436437.4,4850111
436442.4,4850111
436447.3,4850111
436452.2,4850111
436457.2,4850111
436462.1,4850111
436467,4850111
436472,4850111
436476.9,4850111
436481.8,4850111
436486.8,4850111
436491.7,4850111
436496.6,4850111
436501.6,4850111
436506.5,4850111
436511.4,4850111
436516.4,4850111
436521.3,4850111
436526.2,4850111
436531.2,4850111
436536.1,4850111
436541,4850111
436546,4850111
436550.9,4850111
436555.8,4850111
436560.8,4850111
436565.7,4850111
436570.6,4850111
436575.6,4850111
436580.5,4850111
436585.4,4850111
436324,4850106
436328.9,4850106
436333.9,4850106
436338.8,4850106
436343.7,4850106
436348.7,4850106
436353.6,4850106
436358.5,4850106
436363.5,4850106
436368.4,4850106
436373.3,4850106
436378.3,4850106
436383.2,4850106
436388.1,4850106
436393.1,4850106
436398,4850106
436402.9,4850106
436407.9,4850106
436412.8,4850106
436417.7,4850106
436422.7,4850106
436427.6,4850106
436432.5,4850106
436437.4,4850106
436442.4,4850106
436447.3,4850106
436452.2,4850106
436457.2,4850106
436462.1,4850106
436467,4850106
436472,4850106
436476.9,4850106
436481.8,4850106
436486.8,4850106
436491.7,4850106
436496.6,4850106
436501.6,4850106
436506.5,4850106
436511.4,4850106
436516.4,4850106
436521.3,4850106
436526.2,4850106
436531.2,4850106
436536.1,4850106
436541,4850106
436546,4850106
436550.9,4850106
436555.8,4850106
436560.8,4850106
436565.7,4850106
436570.6,4850106
436575.6,4850106
436580.5,4850106
436585.4,4850106
436324,4850101
436328.9,4850101
436333.9,4850101
436338.8,4850101
436343.7,4850101
436348.7,4850101
436353.6,4850101
436358.5,4850101
436363.5,4850101
436368.4,4850101
436373.3,4850101
436378.3,4850101
436383.2,4850101
436388.1,4850101
436393.1,4850101
436398,4850101
436402.9,4850101
436407.9,4850101
436412.8,4850101
436417.7,4850101
436422.7,4850101
436427.6,4850101
436432.5,4850101
436437.4,4850101
436442.4,4850101
436447.3,4850101
436452.2,4850101
436457.2,4850101
436462.1,4850101
436467,4850101
436472,4850101
436476.9,4850101
436481.8,4850101
436486.8,4850101
436491.7,4850101
436496.6,4850101
436501.6,4850101
436506.5,4850101
436511.4,4850101
436516.4,4850101
436521.3,4850101
436526.2,4850101
436531.2,4850101
436536.1,4850101
436541,4850101
436546,4850101
436550.9,4850101
436555.8,4850101
436560.8,4850101
436565.7,4850101
436570.6,4850101
436575.6,4850101
436580.5,4850101
436585.4,4850101
436324,4850096
436328.9,4850096
436333.9,4850096
436338.8,4850096
436343.7,4850096
436348.7,4850096
436353.6,4850096
436358.5,4850096
436363.5,4850096
436368.4,4850096
436373.3,4850096
436378.3,4850096
436383.2,4850096
436388.1,4850096
436393.1,4850096
436398,4850096
436402.9,4850096
436407.9,4850096
436412.8,4850096
436417.7,4850096
436422.7,4850096
436427.6,4850096
436432.5,4850096
436437.4,4850096
436442.4,4850096
436447.3,4850096
436452.2,4850096
436457.2,4850096
436462.1,4850096
436467,4850096
436472,4850096
436476.9,4850096
436481.8,4850096
436486.8,4850096
436491.7,4850096
436496.6,4850096
436501.6,4850096
436506.5,4850096
436511.4,4850096
436516.4,4850096
436521.3,4850096
436526.2,4850096
436531.2,4850096
436536.1,4850096
436541,4850096
436546,4850096
436550.9,4850096
436555.8,4850096
436560.8,4850096
436565.7,4850096
436570.6,4850096
436575.6,4850096
436580.5,4850096
436585.4,4850096
436324,4850091
436328.9,4850091
436333.9,4850091
436338.8,4850091
436343.7,4850091
436348.7,4850091
436353.6,4850091
436358.5,4850091
436363.5,4850091
436368.4,4850091
436373.3,4850091
436378.3,4850091
436383.2,4850091
436388.1,4850091
436393.1,4850091
436398,4850091
436402.9,4850091
436407.9,4850091
436412.8,4850091
436417.7,4850091
436422.7,4850091
436427.6,4850091
436432.5,4850091
436437.4,4850091
436442.4,4850091
436447.3,4850091
436452.2,4850091
436457.2,4850091
436462.1,4850091
436467,4850091
436472,4850091
436476.9,4850091
436481.8,4850091
436486.8,4850091
436491.7,4850091
436496.6,4850091
436501.6,4850091
436506.5,4850091
436511.4,4850091
436516.4,4850091
436521.3,4850091
436526.2,4850091
436531.2,4850091
436536.1,4850091
436541,4850091
436546,4850091
436550.9,4850091
436555.8,4850091
436560.8,4850091
436565.7,4850091
436570.6,4850091
436575.6,4850091
436580.5,4850091
436585.4,4850091
436324,4850086
436328.9,4850086
436333.9,4850086
436338.8,4850086
436343.7,4850086
436348.7,4850086
436353.6,4850086
436358.5,4850086
436363.5,4850086
436368.4,4850086
436373.3,4850086
436378.3,4850086
436383.2,4850086
436388.1,4850086
436393.1,4850086
436398,4850086
436402.9,4850086
436407.9,4850086
436412.8,4850086
436417.7,4850086
436422.7,4850086
436427.6,4850086
436432.5,4850086
436437.4,4850086
436442.4,4850086
436447.3,4850086
436452.2,4850086
436457.2,4850086
436462.1,4850086
436467,4850086
436472,4850086
436476.9,4850086
436481.8,4850086
436486.8,4850086
436491.7,4850086
436496.6,4850086
436501.6,4850086
436506.5,4850086
436511.4,4850086
436516.4,4850086
436521.3,4850086
436526.2,4850086
436531.2,4850086
436536.1,4850086
436541,4850086
436546,4850086
436550.9,4850086
436555.8,4850086
436560.8,4850086
436565.7,4850086
436570.6,4850086
436575.6,4850086
436580.5,4850086
436585.4,4850086
436590.4,4850086
436324,4850081
436328.9,4850081
436333.9,4850081
436338.8,4850081
436343.7,4850081
436348.7,4850081
436353.6,4850081
436358.5,4850081
436363.5,4850081
436368.4,4850081
436373.3,4850081
436378.3,4850081
436383.2,4850081
436388.1,4850081
436393.1,4850081
436398,4850081
436402.9,4850081
436407.9,4850081
436412.8,4850081
436417.7,4850081
436422.7,4850081
436427.6,4850081
436432.5,4850081
436437.4,4850081
436442.4,4850081
436447.3,4850081
436452.2,4850081
436457.2,4850081
436462.1,4850081
436467,4850081
436472,4850081
436476.9,4850081
436481.8,4850081
436486.8,4850081
436491.7,4850081
436496.6,4850081
436501.6,4850081
436506.5,4850081
436511.4,4850081
436516.4,4850081
436521.3,4850081
436526.2,4850081
436531.2,4850081
436536.1,4850081
436541,4850081
436546,4850081
436550.9,4850081
436555.8,4850081
436560.8,4850081
436565.7,4850081
436570.6,4850081
436575.6,4850081
436580.5,4850081
436585.4,4850081
436590.4,4850081
436324,4850076
436328.9,4850076
436333.9,4850076
436338.8,4850076
436343.7,4850076
436348.7,4850076
436353.6,4850076
436358.5,4850076
436363.5,4850076
436368.4,4850076
436373.3,4850076
436378.3,4850076
436383.2,4850076
436388.1,4850076
436393.1,4850076
436398,4850076
436402.9,4850076
436407.9,4850076
436412.8,4850076
436417.7,4850076
436422.7,4850076
436427.6,4850076
436432.5,4850076
436437.4,4850076
436442.4,4850076
436447.3,4850076
436452.2,4850076
436457.2,4850076
436462.1,4850076
436467,4850076
436472,4850076
436476.9,4850076
436481.8,4850076
436486.8,4850076
436491.7,4850076
436496.6,4850076
436501.6,4850076
436506.5,4850076
436511.4,4850076
436516.4,4850076
436521.3,4850076
436526.2,4850076
436531.2,4850076
436536.1,4850076
436541,4850076
436546,4850076
436550.9,4850076
436555.8,4850076
436560.8,4850076
436565.7,4850076
436570.6,4850076
436575.6,4850076
436580.5,4850076
436585.4,4850076
436590.4,4850076
436324,4850071
436328.9,4850071
436333.9,4850071
436338.8,4850071
436343.7,4850071
436348.7,4850071
436353.6,4850071
436358.5,4850071
436363.5,4850071
436368.4,4850071
436373.3,4850071
436378.3,4850071
436383.2,4850071
436388.1,4850071
436393.1,4850071
436398,4850071
436402.9,4850071
436407.9,4850071
436412.8,4850071
436417.7,4850071
436422.7,4850071
436427.6,4850071
436432.5,4850071
436437.4,4850071
436442.4,4850071
436447.3,4850071
436452.2,4850071
436457.2,4850071
436462.1,4850071
436467,4850071
436472,4850071
436476.9,4850071
436481.8,4850071
436486.8,4850071
436491.7,4850071
436496.6,4850071
436501.6,4850071
436506.5,4850071
436511.4,4850071
436516.4,4850071
436521.3,4850071
436526.2,4850071
436531.2,4850071
436536.1,4850071
436541,4850071
436546,4850071
436550.9,4850071
436555.8,4850071
436560.8,4850071
436565.7,4850071
436570.6,4850071
436575.6,4850071
436580.5,4850071
436585.4,4850071
436590.4,4850071
436324,4850066
436328.9,4850066
436333.9,4850066
436338.8,4850066
436343.7,4850066
436348.7,4850066
436353.6,4850066
436358.5,4850066
436363.5,4850066
436368.4,4850066
436373.3,4850066
436378.3,4850066
436383.2,4850066
436388.1,4850066
436393.1,4850066
436398,4850066
436402.9,4850066
436407.9,4850066
436412.8,4850066
436417.7,4850066
436422.7,4850066
436427.6,4850066
436432.5,4850066
436437.4,4850066
436442.4,4850066
436447.3,4850066
436452.2,4850066
436457.2,4850066
436462.1,4850066
436467,4850066
436472,4850066
436476.9,4850066
436481.8,4850066
436486.8,4850066
436491.7,4850066
436496.6,4850066
436501.6,4850066
436506.5,4850066
436511.4,4850066
436516.4,4850066
436521.3,4850066
436526.2,4850066
436531.2,4850066
436536.1,4850066
436541,4850066
436546,4850066
436550.9,4850066
436555.8,4850066
436560.8,4850066
436565.7,4850066
436570.6,4850066
436575.6,4850066
436580.5,4850066
436585.4,4850066
436590.4,4850066
436324,4850061
436328.9,4850061
436333.9,4850061
436338.8,4850061
436343.7,4850061
436348.7,4850061
436353.6,4850061
436358.5,4850061
436363.5,4850061
436368.4,4850061
436373.3,4850061
436378.3,4850061
436383.2,4850061
436388.1,4850061
436393.1,4850061
436398,4850061
436402.9,4850061
436407.9,4850061
436412.8,4850061
436417.7,4850061
436422.7,4850061
436427.6,4850061
436432.5,4850061
436437.4,4850061
436442.4,4850061
436447.3,4850061
436452.2,4850061
436457.2,4850061
436462.1,4850061
436467,4850061
436472,4850061
436476.9,4850061
436481.8,4850061
436486.8,4850061
436491.7,4850061
436496.6,4850061
436501.6,4850061
436506.5,4850061
436511.4,4850061
436516.4,4850061
436521.3,4850061
436526.2,4850061
436531.2,4850061
436536.1,4850061
436541,4850061
436546,4850061
436550.9,4850061
436555.8,4850061
436560.8,4850061
436565.7,4850061
436570.6,4850061
436575.6,4850061
436580.5,4850061
436585.4,4850061
436590.4,4850061
436324,4850056
436328.9,4850056
436333.9,4850056
436338.8,4850056
436343.7,4850056
436348.7,4850056
436353.6,4850056
436358.5,4850056
436363.5,4850056
436368.4,4850056
436373.3,4850056
436378.3,4850056
436383.2,4850056
436388.1,4850056
436393.1,4850056
436398,4850056
436402.9,4850056
436407.9,4850056
436412.8,4850056
436417.7,4850056
436422.7,4850056
436427.6,4850056
436432.5,4850056
436437.4,4850056
436442.4,4850056
436447.3,4850056
436452.2,4850056
436457.2,4850056
436462.1,4850056
436467,4850056
436472,4850056
436476.9,4850056
436481.8,4850056
436486.8,4850056
436491.7,4850056
436496.6,4850056
436501.6,4850056
436506.5,4850056
436511.4,4850056
436516.4,4850056
436521.3,4850056
436526.2,4850056
436531.2,4850056
436536.1,4850056
436541,4850056
436546,4850056
436550.9,4850056
436555.8,4850056
436560.8,4850056
436565.7,4850056
436570.6,4850056
436575.6,4850056
436580.5,4850056
436585.4,4850056
436590.4,4850056
436324,4850051
436328.9,4850051
436333.9,4850051
436338.8,4850051
436343.7,4850051
436348.7,4850051
436353.6,4850051
436358.5,4850051
436363.5,4850051
436368.4,4850051
436373.3,4850051
436378.3,4850051
436383.2,4850051
436388.1,4850051
436393.1,4850051
436398,4850051
436402.9,4850051
436407.9,4850051
436412.8,4850051
436417.7,4850051
436422.7,4850051
436427.6,4850051
436432.5,4850051
436437.4,4850051
436442.4,4850051
436447.3,4850051
436452.2,4850051
436457.2,4850051
436462.1,4850051
436467,4850051
436472,4850051
436476.9,4850051
436481.8,4850051
436486.8,4850051
436491.7,4850051
436496.6,4850051
436501.6,4850051
436506.5,4850051
436511.4,4850051
436516.4,4850051
436521.3,4850051
436526.2,4850051
436531.2,4850051
436536.1,4850051
436541,4850051
436546,4850051
436550.9,4850051
436555.8,4850051
436560.8,4850051
436565.7,4850051
436570.6,4850051
436575.6,4850051
436580.5,4850051
436585.4,4850051
436590.4,4850051
436324,4850047
436328.9,4850047
436333.9,4850047
436338.8,4850047
436343.7,4850047
436348.7,4850047
436353.6,4850047
436358.5,4850047
436363.5,4850047
436368.4,4850047
436373.3,4850047
436378.3,4850047
436383.2,4850047
436388.1,4850047
436393.1,4850047
436398,4850047
436402.9,4850047
436407.9,4850047
436412.8,4850047
436417.7,4850047
436422.7,4850047
436427.6,4850047
436432.5,4850047
436437.4,4850047
436442.4,4850047
436447.3,4850047
436452.2,4850047
436457.2,4850047
436462.1,4850047
436467,4850047
436472,4850047
436476.9,4850047
436481.8,4850047
436486.8,4850047
436491.7,4850047
436496.6,4850047
436501.6,4850047
436506.5,4850047
436511.4,4850047
436516.4,4850047
436521.3,4850047
436526.2,4850047
436531.2,4850047
436536.1,4850047
436541,4850047
436546,4850047
436550.9,4850047
436555.8,4850047
436560.8,4850047
436565.7,4850047
436570.6,4850047
436575.6,4850047
436580.5,4850047
436585.4,4850047
436590.4,4850047
436319.1,4850042
436324,4850042
436328.9,4850042
436333.9,4850042
436338.8,4850042
436343.7,4850042
436348.7,4850042
436353.6,4850042
436358.5,4850042
436363.5,4850042
436368.4,4850042
436373.3,4850042
436378.3,4850042
436383.2,4850042
436388.1,4850042
436393.1,4850042
436398,4850042
436402.9,4850042
436407.9,4850042
436412.8,4850042
436417.7,4850042
436422.7,4850042
436427.6,4850042
436432.5,4850042
436437.4,4850042
436442.4,4850042
436447.3,4850042
436452.2,4850042
436457.2,4850042
436462.1,4850042
436467,4850042
436472,4850042
436476.9,4850042
436481.8,4850042
436486.8,4850042
436491.7,4850042
436496.6,4850042
436501.6,4850042
436506.5,4850042
436511.4,4850042
436516.4,4850042
436521.3,4850042
436526.2,4850042
436531.2,4850042
436536.1,4850042
436541,4850042
436546,4850042
436550.9,4850042
436555.8,4850042
436560.8,4850042
436565.7,4850042
436570.6,4850042
436575.6,4850042
436580.5,4850042
436585.4,4850042
436590.4,4850042
436319.1,4850037
436324,4850037
436328.9,4850037
436333.9,4850037
436338.8,4850037
436343.7,4850037
436348.7,4850037
436353.6,4850037
436358.5,4850037
436363.5,4850037
436368.4,4850037
436373.3,4850037
436378.3,4850037
436383.2,4850037
436388.1,4850037
436393.1,4850037
436398,4850037
436402.9,4850037
436407.9,4850037
436412.8,4850037
436417.7,4850037
436422.7,4850037
436427.6,4850037
436432.5,4850037
436437.4,4850037
436442.4,4850037
436447.3,4850037
436452.2,4850037
436457.2,4850037
436462.1,4850037
436467,4850037
436472,4850037
436476.9,4850037
436481.8,4850037
436486.8,4850037
436491.7,4850037
436496.6,4850037
436501.6,4850037
436506.5,4850037
436511.4,4850037
436516.4,4850037
436521.3,4850037
436526.2,4850037
436531.2,4850037
436536.1,4850037
436541,4850037
436546,4850037
436550.9,4850037
436555.8,4850037
436560.8,4850037
436565.7,4850037
436570.6,4850037
436575.6,4850037
436580.5,4850037
436585.4,4850037
436590.4,4850037
436314.1,4850032
436319.1,4850032
436324,4850032
436328.9,4850032
436333.9,4850032
436338.8,4850032
436343.7,4850032
436348.7,4850032
436353.6,4850032
436358.5,4850032
436363.5,4850032
436368.4,4850032
436373.3,4850032
436378.3,4850032
436383.2,4850032
436388.1,4850032
436393.1,4850032
436398,4850032
436402.9,4850032
436407.9,4850032
436412.8,4850032
436417.7,4850032
436422.7,4850032
436427.6,4850032
436432.5,4850032
436437.4,4850032
436442.4,4850032
436447.3,4850032
436452.2,4850032
436457.2,4850032
436462.1,4850032
436467,4850032
436472,4850032
436476.9,4850032
436481.8,4850032
436486.8,4850032
436491.7,4850032
436496.6,4850032
436501.6,4850032
436506.5,4850032
436511.4,4850032
436516.4,4850032
436521.3,4850032
436526.2,4850032
436531.2,4850032
436536.1,4850032
436541,4850032
436546,4850032
436550.9,4850032
436555.8,4850032
436560.8,4850032
436565.7,4850032
436570.6,4850032
436575.6,4850032
436580.5,4850032
436585.4,4850032
436590.4,4850032
436314.1,4850027
436319.1,4850027
436324,4850027
436328.9,4850027
436333.9,4850027
436338.8,4850027
436343.7,4850027
436348.7,4850027
436353.6,4850027
436358.5,4850027
436363.5,4850027
436368.4,4850027
436373.3,4850027
436378.3,4850027
436383.2,4850027
436388.1,4850027
436393.1,4850027
436398,4850027
436402.9,4850027
436407.9,4850027
436412.8,4850027
436417.7,4850027
436422.7,4850027
436427.6,4850027
436432.5,4850027
436437.4,4850027
436442.4,4850027
436447.3,4850027
436452.2,4850027
436457.2,4850027
436462.1,4850027
436467,4850027
436472,4850027
436476.9,4850027
436481.8,4850027
436486.8,4850027
436491.7,4850027
436496.6,4850027
436501.6,4850027
436506.5,4850027
436511.4,4850027
436516.4,4850027
436521.3,4850027
436526.2,4850027
436531.2,4850027
436536.1,4850027
436541,4850027
436546,4850027
436550.9,4850027
436555.8,4850027
436560.8,4850027
436565.7,4850027
436570.6,4850027
436575.6,4850027
436580.5,4850027
436585.4,4850027
436590.4,4850027
436314.1,4850022
436319.1,4850022
436324,4850022
436328.9,4850022
436333.9,4850022
436338.8,4850022
436343.7,4850022
436348.7,4850022
436353.6,4850022
436358.5,4850022
436363.5,4850022
436368.4,4850022
436373.3,4850022
436378.3,4850022
436383.2,4850022
436388.1,4850022
436393.1,4850022
436398,4850022
436402.9,4850022
436407.9,4850022
436412.8,4850022
436417.7,4850022
436422.7,4850022
436427.6,4850022
436432.5,4850022
436437.4,4850022
436442.4,4850022
436447.3,4850022
436452.2,4850022
436457.2,4850022
436462.1,4850022
436467,4850022
436472,4850022
436476.9,4850022
436481.8,4850022
436486.8,4850022
436491.7,4850022
436496.6,4850022
436501.6,4850022
436506.5,4850022
436511.4,4850022
436516.4,4850022
436521.3,4850022
436526.2,4850022
436531.2,4850022
436536.1,4850022
436541,4850022
436546,4850022
436550.9,4850022
436555.8,4850022
436560.8,4850022
436565.7,4850022
436570.6,4850022
436575.6,4850022
436580.5,4850022
436585.4,4850022
436590.4,4850022
436314.1,4850017
436319.1,4850017
436324,4850017
436328.9,4850017
436333.9,4850017
436338.8,4850017
436343.7,4850017
436348.7,4850017
436353.6,4850017
436358.5,4850017
436363.5,4850017
436368.4,4850017
436373.3,4850017
436378.3,4850017
436383.2,4850017
436388.1,4850017
436393.1,4850017
436398,4850017
436402.9,4850017
436407.9,4850017
436412.8,4850017
436417.7,4850017
436422.7,4850017
436427.6,4850017
436432.5,4850017
436437.4,4850017
436442.4,4850017
436447.3,4850017
436452.2,4850017
436457.2,4850017
436462.1,4850017
436467,4850017
436472,4850017
436476.9,4850017
436481.8,4850017
436486.8,4850017
436491.7,4850017
436496.6,4850017
436501.6,4850017
436506.5,4850017
436511.4,4850017
436516.4,4850017
436521.3,4850017
436526.2,4850017
436531.2,4850017
436536.1,4850017
436541,4850017
436546,4850017
436550.9,4850017
436555.8,4850017
436560.8,4850017
436565.7,4850017
436570.6,4850017
436575.6,4850017
436580.5,4850017
436585.4,4850017
436590.4,4850017
436314.1,4850012
436319.1,4850012
436324,4850012
436328.9,4850012
436333.9,4850012
436338.8,4850012
436343.7,4850012
436348.7,4850012
436353.6,4850012
436358.5,4850012
436363.5,4850012
436368.4,4850012
436373.3,4850012
436378.3,4850012
436383.2,4850012
436388.1,4850012
436393.1,4850012
436398,4850012
436402.9,4850012
436407.9,4850012
436412.8,4850012
436417.7,4850012
436422.7,4850012
436427.6,4850012
436432.5,4850012
436437.4,4850012
436442.4,4850012
436447.3,4850012
436452.2,4850012
436457.2,4850012
436462.1,4850012
436467,4850012
436472,4850012
436476.9,4850012
436481.8,4850012
436486.8,4850012
436491.7,4850012
436496.6,4850012
436501.6,4850012
436506.5,4850012
436511.4,4850012
436516.4,4850012
436521.3,4850012
436526.2,4850012
436531.2,4850012
436536.1,4850012
436541,4850012
436546,4850012
436550.9,4850012
436555.8,4850012
436560.8,4850012
436565.7,4850012
436570.6,4850012
436575.6,4850012
436580.5,4850012
436585.4,4850012
436590.4,4850012
436314.1,4850007
436319.1,4850007
436324,4850007
436328.9,4850007
436333.9,4850007
436338.8,4850007
436343.7,4850007
436348.7,4850007
436353.6,4850007
436358.5,4850007
436363.5,4850007
436368.4,4850007
436373.3,4850007
436378.3,4850007
436383.2,4850007
436388.1,4850007
436393.1,4850007
436398,4850007
436402.9,4850007
436407.9,4850007
436412.8,4850007
436417.7,4850007
436422.7,4850007
436427.6,4850007
436432.5,4850007
436437.4,4850007
436442.4,4850007
436447.3,4850007
436452.2,4850007
436457.2,4850007
436462.1,4850007
436467,4850007
436472,4850007
436476.9,4850007
436481.8,4850007
436486.8,4850007
436491.7,4850007
436496.6,4850007
436501.6,4850007
436506.5,4850007
436511.4,4850007
436516.4,4850007
436521.3,4850007
436526.2,4850007
436531.2,4850007
436536.1,4850007
436541,4850007
436546,4850007
436550.9,4850007
436555.8,4850007
436560.8,4850007
436565.7,4850007
436570.6,4850007
436575.6,4850007
436580.5,4850007
436585.4,4850007
436590.4,4850007
436314.1,4850002
436319.1,4850002
436324,4850002
436328.9,4850002
436333.9,4850002
436338.8,4850002
436343.7,4850002
436348.7,4850002
436353.6,4850002
436358.5,4850002
436363.5,4850002
436368.4,4850002
436373.3,4850002
436378.3,4850002
436383.2,4850002
436388.1,4850002
436393.1,4850002
436398,4850002
436402.9,4850002
436407.9,4850002
436412.8,4850002
436417.7,4850002
436422.7,4850002
436427.6,4850002
436432.5,4850002
436437.4,4850002
436442.4,4850002
436447.3,4850002
436452.2,4850002
436457.2,4850002
436462.1,4850002
436467,4850002
436472,4850002
436476.9,4850002
436481.8,4850002
436486.8,4850002
436491.7,4850002
436496.6,4850002
436501.6,4850002
436506.5,4850002
436511.4,4850002
436516.4,4850002
436521.3,4850002
436526.2,4850002
436531.2,4850002
436536.1,4850002
436541,4850002
436546,4850002
436550.9,4850002
436555.8,4850002
436560.8,4850002
436565.7,4850002
436570.6,4850002
436575.6,4850002
436580.5,4850002
436585.4,4850002
436314.1,4849997
436319.1,4849997
436324,4849997
436328.9,4849997
436333.9,4849997
436338.8,4849997
436343.7,4849997
436348.7,4849997
436353.6,4849997
436358.5,4849997
436363.5,4849997
436368.4,4849997
436373.3,4849997
436378.3,4849997
436383.2,4849997
436388.1,4849997
436393.1,4849997
436398,4849997
436402.9,4849997
436407.9,4849997
436412.8,4849997
436417.7,4849997
436422.7,4849997
436427.6,4849997
436432.5,4849997
436437.4,4849997
436442.4,4849997
436447.3,4849997
436452.2,4849997
436457.2,4849997
436462.1,4849997
436467,4849997
436472,4849997
436476.9,4849997
436481.8,4849997
436486.8,4849997
436491.7,4849997
436496.6,4849997
436501.6,4849997
436506.5,4849997
436511.4,4849997
436516.4,4849997
436521.3,4849997
436526.2,4849997
436531.2,4849997
436536.1,4849997
436541,4849997
436546,4849997
436550.9,4849997
436555.8,4849997
436560.8,4849997
436565.7,4849997
436570.6,4849997
436575.6,4849997
436580.5,4849997
436585.4,4849997
436314.1,4849992
436319.1,4849992
436324,4849992
436328.9,4849992
436333.9,4849992
436338.8,4849992
436343.7,4849992
436348.7,4849992
436353.6,4849992
436358.5,4849992
436363.5,4849992
436368.4,4849992
436373.3,4849992
436378.3,4849992
436383.2,4849992
436388.1,4849992
436393.1,4849992
436398,4849992
436402.9,4849992
436407.9,4849992
436412.8,4849992
436417.7,4849992
436422.7,4849992
436427.6,4849992
436432.5,4849992
436437.4,4849992
436442.4,4849992
436447.3,4849992
436452.2,4849992
436457.2,4849992
436462.1,4849992
436467,4849992
436472,4849992
436476.9,4849992
436481.8,4849992
436486.8,4849992
436491.7,4849992
436496.6,4849992
436501.6,4849992
436506.5,4849992
436511.4,4849992
436516.4,4849992
436521.3,4849992
436526.2,4849992
436531.2,4849992
436536.1,4849992
436541,4849992
436546,4849992
436550.9,4849992
436555.8,4849992
436560.8,4849992
436565.7,4849992
436570.6,4849992
436575.6,4849992
436580.5,4849992
436585.4,4849992
436314.1,4849987
436319.1,4849987
436324,4849987
436328.9,4849987
436333.9,4849987
436338.8,4849987
436343.7,4849987
436348.7,4849987
436353.6,4849987
436358.5,4849987
436363.5,4849987
436368.4,4849987
436373.3,4849987
436378.3,4849987
436383.2,4849987
436388.1,4849987
436393.1,4849987
436398,4849987
436402.9,4849987
436407.9,4849987
436412.8,4849987
436417.7,4849987
436422.7,4849987
436427.6,4849987
436432.5,4849987
436437.4,4849987
436442.4,4849987
436447.3,4849987
436452.2,4849987
436457.2,4849987
436462.1,4849987
436467,4849987
436472,4849987
436476.9,4849987
436481.8,4849987
436486.8,4849987
436491.7,4849987
436496.6,4849987
436501.6,4849987
436506.5,4849987
436511.4,4849987
436516.4,4849987
436521.3,4849987
436526.2,4849987
436531.2,4849987
436536.1,4849987
436541,4849987
436546,4849987
436550.9,4849987
436555.8,4849987
436560.8,4849987
436565.7,4849987
436570.6,4849987
436575.6,4849987
436580.5,4849987
436585.4,4849987
436314.1,4849982
436319.1,4849982
436324,4849982
436328.9,4849982
436333.9,4849982
436338.8,4849982
436343.7,4849982
436348.7,4849982
436353.6,4849982
436358.5,4849982
436363.5,4849982
436368.4,4849982
436373.3,4849982
436378.3,4849982
436383.2,4849982
436388.1,4849982
436393.1,4849982
436398,4849982
436402.9,4849982
436407.9,4849982
436412.8,4849982
436417.7,4849982
436422.7,4849982
436427.6,4849982
436432.5,4849982
436437.4,4849982
436442.4,4849982
436447.3,4849982
436452.2,4849982
436457.2,4849982
436462.1,4849982
436467,4849982
436472,4849982
436476.9,4849982
436481.8,4849982
436486.8,4849982
436491.7,4849982
436496.6,4849982
436501.6,4849982
436506.5,4849982
436511.4,4849982
436516.4,4849982
436521.3,4849982
436526.2,4849982
436531.2,4849982
436536.1,4849982
436541,4849982
436546,4849982
436550.9,4849982
436555.8,4849982
436560.8,4849982
436565.7,4849982
436570.6,4849982
436575.6,4849982
436580.5,4849982
436585.4,4849982
436314.1,4849977
436319.1,4849977
436324,4849977
436328.9,4849977
436333.9,4849977
436338.8,4849977
436343.7,4849977
436348.7,4849977
436353.6,4849977
436358.5,4849977
436363.5,4849977
436368.4,4849977
436373.3,4849977
436378.3,4849977
436383.2,4849977
436388.1,4849977
436393.1,4849977
436398,4849977
436402.9,4849977
436407.9,4849977
436412.8,4849977
436417.7,4849977
436422.7,4849977
436427.6,4849977
436432.5,4849977
436437.4,4849977
436442.4,4849977
436447.3,4849977
436452.2,4849977
436457.2,4849977
436462.1,4849977
436467,4849977
436472,4849977
436476.9,4849977
436481.8,4849977
436486.8,4849977
436491.7,4849977
436496.6,4849977
436501.6,4849977
436506.5,4849977
436511.4,4849977
436516.4,4849977
436521.3,4849977
436526.2,4849977
436531.2,4849977
436536.1,4849977
436541,4849977
436546,4849977
436550.9,4849977
436555.8,4849977
436560.8,4849977
436565.7,4849977
436570.6,4849977
436575.6,4849977
436580.5,4849977
436585.4,4849977
436314.1,4849972
436319.1,4849972
436324,4849972
436328.9,4849972
436333.9,4849972
436338.8,4849972
436343.7,4849972
436348.7,4849972
436353.6,4849972
436358.5,4849972
436363.5,4849972
436368.4,4849972
436373.3,4849972
436378.3,4849972
436383.2,4849972
436388.1,4849972
436393.1,4849972
436398,4849972
436402.9,4849972
436407.9,4849972
436412.8,4849972
436417.7,4849972
436422.7,4849972
436427.6,4849972
436432.5,4849972
436437.4,4849972
436442.4,4849972
436447.3,4849972
436452.2,4849972
436457.2,4849972
436462.1,4849972
436467,4849972
436472,4849972
436476.9,4849972
436481.8,4849972
436486.8,4849972
436491.7,4849972
436496.6,4849972
436501.6,4849972
436506.5,4849972
436511.4,4849972
436516.4,4849972
436521.3,4849972
436526.2,4849972
436531.2,4849972
436536.1,4849972
436541,4849972
436546,4849972
436550.9,4849972
436555.8,4849972
436560.8,4849972
436565.7,4849972
436570.6,4849972
436575.6,4849972
436580.5,4849972
436314.1,4849967
436319.1,4849967
436324,4849967
436328.9,4849967
436333.9,4849967
436338.8,4849967
436343.7,4849967
436348.7,4849967
436353.6,4849967
436358.5,4849967
436363.5,4849967
436368.4,4849967
436373.3,4849967
436378.3,4849967
436383.2,4849967
436388.1,4849967
436393.1,4849967
436398,4849967
436402.9,4849967
436407.9,4849967
436412.8,4849967
436417.7,4849967
436422.7,4849967
436427.6,4849967
436432.5,4849967
436437.4,4849967
436442.4,4849967
436447.3,4849967
436452.2,4849967
436457.2,4849967
436462.1,4849967
436467,4849967
436472,4849967
436476.9,4849967
436481.8,4849967
436486.8,4849967
436491.7,4849967
436496.6,4849967
436501.6,4849967
436506.5,4849967
436511.4,4849967
436516.4,4849967
436521.3,4849967
436526.2,4849967
436531.2,4849967
436536.1,4849967
436541,4849967
436546,4849967
436550.9,4849967
436555.8,4849967
436560.8,4849967
436565.7,4849967
436570.6,4849967
436575.6,4849967
436580.5,4849967
436314.1,4849962
436319.1,4849962
436324,4849962
436328.9,4849962
436333.9,4849962
436338.8,4849962
436343.7,4849962
436348.7,4849962
436353.6,4849962
436358.5,4849962
436363.5,4849962
436368.4,4849962
436373.3,4849962
436378.3,4849962
436383.2,4849962
436388.1,4849962
436393.1,4849962
436398,4849962
436402.9,4849962
436407.9,4849962
436412.8,4849962
436417.7,4849962
436422.7,4849962
436427.6,4849962
436432.5,4849962
436437.4,4849962
436442.4,4849962
436447.3,4849962
436452.2,4849962
436457.2,4849962
436462.1,4849962
436467,4849962
436472,4849962
436476.9,4849962
436481.8,4849962
436486.8,4849962
436491.7,4849962
436496.6,4849962
436501.6,4849962
436506.5,4849962
436511.4,4849962
436516.4,4849962
436521.3,4849962
436526.2,4849962
436531.2,4849962
436536.1,4849962
436541,4849962
436546,4849962
436550.9,4849962
436555.8,4849962
436560.8,4849962
436565.7,4849962
436570.6,4849962
436575.6,4849962
436580.5,4849962
436314.1,4849957
436319.1,4849957
436324,4849957
436328.9,4849957
436333.9,4849957
436338.8,4849957
436343.7,4849957
436348.7,4849957
436353.6,4849957
436358.5,4849957
436363.5,4849957
436368.4,4849957
436373.3,4849957
436378.3,4849957
436383.2,4849957
436388.1,4849957
436393.1,4849957
436398,4849957
436402.9,4849957
436407.9,4849957
436412.8,4849957
436417.7,4849957
436422.7,4849957
436427.6,4849957
436432.5,4849957
436437.4,4849957
436442.4,4849957
436447.3,4849957
436452.2,4849957
436457.2,4849957
436462.1,4849957
436467,4849957
436472,4849957
436476.9,4849957
436481.8,4849957
436486.8,4849957
436491.7,4849957
436496.6,4849957
436501.6,4849957
436506.5,4849957
436511.4,4849957
436516.4,4849957
436521.3,4849957
436526.2,4849957
436531.2,4849957
436536.1,4849957
436541,4849957
436546,4849957
436550.9,4849957
436555.8,4849957
436560.8,4849957
436565.7,4849957
436570.6,4849957
436575.6,4849957
436580.5,4849957
436314.1,4849952
436319.1,4849952
436324,4849952
436328.9,4849952
436333.9,4849952
436338.8,4849952
436343.7,4849952
436348.7,4849952
436353.6,4849952
436358.5,4849952
436363.5,4849952
436368.4,4849952
436373.3,4849952
436378.3,4849952
436383.2,4849952
436388.1,4849952
436393.1,4849952
436398,4849952
436402.9,4849952
436407.9,4849952
436412.8,4849952
436417.7,4849952
436422.7,4849952
436427.6,4849952
436432.5,4849952
436437.4,4849952
436442.4,4849952
436447.3,4849952
436452.2,4849952
436457.2,4849952
436462.1,4849952
436467,4849952
436472,4849952
436476.9,4849952
436481.8,4849952
436486.8,4849952
436491.7,4849952
436496.6,4849952
436501.6,4849952
436506.5,4849952
436511.4,4849952
436516.4,4849952
436521.3,4849952
436526.2,4849952
436531.2,4849952
436536.1,4849952
436541,4849952
436546,4849952
436550.9,4849952
436555.8,4849952
436560.8,4849952
436565.7,4849952
436570.6,4849952
436575.6,4849952
436314.1,4849947
436319.1,4849947
436324,4849947
436328.9,4849947
436333.9,4849947
436338.8,4849947
436343.7,4849947
436348.7,4849947
436353.6,4849947
436358.5,4849947
436363.5,4849947
436368.4,4849947
436373.3,4849947
436378.3,4849947
436383.2,4849947
436388.1,4849947
436393.1,4849947
436398,4849947
436402.9,4849947
436407.9,4849947
436412.8,4849947
436417.7,4849947
436422.7,4849947
436427.6,4849947
436432.5,4849947
436437.4,4849947
436442.4,4849947
436447.3,4849947
436452.2,4849947
436457.2,4849947
436462.1,4849947
436467,4849947
436472,4849947
436476.9,4849947
436481.8,4849947
436486.8,4849947
436491.7,4849947
436496.6,4849947
436501.6,4849947
436506.5,4849947
436511.4,4849947
436516.4,4849947
436521.3,4849947
436526.2,4849947
436531.2,4849947
436536.1,4849947
436541,4849947
436546,4849947
436550.9,4849947
436555.8,4849947
436560.8,4849947
436565.7,4849947
436570.6,4849947
436575.6,4849947
436309.2,4849943
436314.1,4849943
436319.1,4849943
436324,4849943
436328.9,4849943
436333.9,4849943
436338.8,4849943
436343.7,4849943
436348.7,4849943
436353.6,4849943
436358.5,4849943
436363.5,4849943
436368.4,4849943
436373.3,4849943
436378.3,4849943
436383.2,4849943
436388.1,4849943
436393.1,4849943
436398,4849943
436402.9,4849943
436407.9,4849943
436412.8,4849943
436417.7,4849943
436422.7,4849943
436427.6,4849943
436432.5,4849943
436437.4,4849943
436442.4,4849943
436447.3,4849943
436452.2,4849943
436457.2,4849943
436462.1,4849943
436467,4849943
436472,4849943
436476.9,4849943
436481.8,4849943
436486.8,4849943
436491.7,4849943
436496.6,4849943
436501.6,4849943
436506.5,4849943
436511.4,4849943
436516.4,4849943
436521.3,4849943
436526.2,4849943
436531.2,4849943
436536.1,4849943
436541,4849943
436546,4849943
436550.9,4849943
436555.8,4849943
436560.8,4849943
436565.7,4849943
436570.6,4849943
436575.6,4849943
436309.2,4849938
436314.1,4849938
436319.1,4849938
436324,4849938
436328.9,4849938
436333.9,4849938
436338.8,4849938
436343.7,4849938
436348.7,4849938
436353.6,4849938
436358.5,4849938
436363.5,4849938
436368.4,4849938
436373.3,4849938
436378.3,4849938
436383.2,4849938
436388.1,4849938
436393.1,4849938
436398,4849938
436402.9,4849938
436407.9,4849938
436412.8,4849938
436417.7,4849938
436422.7,4849938
436427.6,4849938
436432.5,4849938
436437.4,4849938
436442.4,4849938
436447.3,4849938
436452.2,4849938
436457.2,4849938
436462.1,4849938
436467,4849938
436472,4849938
436476.9,4849938
436481.8,4849938
436486.8,4849938
436491.7,4849938
436496.6,4849938
436501.6,4849938
436506.5,4849938
436511.4,4849938
436516.4,4849938
436521.3,4849938
436526.2,4849938
436531.2,4849938
436536.1,4849938
436541,4849938
436546,4849938
436550.9,4849938
436555.8,4849938
436560.8,4849938
436565.7,4849938
436570.6,4849938
436309.2,4849933
436314.1,4849933
436319.1,4849933
436324,4849933
436328.9,4849933
436333.9,4849933
436338.8,4849933
436343.7,4849933
436348.7,4849933
436353.6,4849933
436358.5,4849933
436363.5,4849933
436368.4,4849933
436373.3,4849933
436378.3,4849933
436383.2,4849933
436388.1,4849933
436393.1,4849933
436398,4849933
436402.9,4849933
436407.9,4849933
436412.8,4849933
436417.7,4849933
436422.7,4849933
436427.6,4849933
436432.5,4849933
436437.4,4849933
436442.4,4849933
436447.3,4849933
436452.2,4849933
436457.2,4849933
436462.1,4849933
436467,4849933
436472,4849933
436476.9,4849933
436481.8,4849933
436486.8,4849933
436491.7,4849933
436496.6,4849933
436501.6,4849933
436506.5,4849933
436511.4,4849933
436516.4,4849933
436521.3,4849933
436526.2,4849933
436531.2,4849933
436536.1,4849933
436541,4849933
436546,4849933
436550.9,4849933
436555.8,4849933
436560.8,4849933
436565.7,4849933
436570.6,4849933
436309.2,4849928
436314.1,4849928
436319.1,4849928
436324,4849928
436328.9,4849928
436333.9,4849928
436338.8,4849928
436343.7,4849928
436348.7,4849928
436353.6,4849928
436358.5,4849928
436363.5,4849928
436368.4,4849928
436373.3,4849928
436378.3,4849928
436383.2,4849928
436388.1,4849928
436393.1,4849928
436398,4849928
436402.9,4849928
436407.9,4849928
436412.8,4849928
436417.7,4849928
436422.7,4849928
436427.6,4849928
436432.5,4849928
436437.4,4849928
436442.4,4849928
436447.3,4849928
436452.2,4849928
436457.2,4849928
436462.1,4849928
436467,4849928
436472,4849928
436476.9,4849928
436481.8,4849928
436486.8,4849928
436491.7,4849928
436496.6,4849928
436501.6,4849928
436506.5,4849928
436511.4,4849928
436516.4,4849928
436521.3,4849928
436526.2,4849928
436531.2,4849928
436536.1,4849928
436541,4849928
436546,4849928
436550.9,4849928
436555.8,4849928
436560.8,4849928
436565.7,4849928
436570.6,4849928
436309.2,4849923
436314.1,4849923
436319.1,4849923
436324,4849923
436328.9,4849923
436333.9,4849923
436338.8,4849923
436343.7,4849923
436348.7,4849923
436353.6,4849923
436358.5,4849923
436363.5,4849923
436368.4,4849923
436373.3,4849923
436378.3,4849923
436383.2,4849923
436388.1,4849923
436393.1,4849923
436398,4849923
436402.9,4849923
436407.9,4849923
436412.8,4849923
436417.7,4849923
436422.7,4849923
436427.6,4849923
436432.5,4849923
436437.4,4849923
436442.4,4849923
436447.3,4849923
436452.2,4849923
436457.2,4849923
436462.1,4849923
436467,4849923
436472,4849923
436476.9,4849923
436481.8,4849923
436486.8,4849923
436491.7,4849923
436496.6,4849923
436501.6,4849923
436506.5,4849923
436511.4,4849923
436516.4,4849923
436521.3,4849923
436526.2,4849923
436531.2,4849923
436536.1,4849923
436541,4849923
436546,4849923
436550.9,4849923
436555.8,4849923
436560.8,4849923
436565.7,4849923
436309.2,4849918
436314.1,4849918
436319.1,4849918
436324,4849918
436328.9,4849918
436333.9,4849918
436338.8,4849918
436343.7,4849918
436348.7,4849918
436353.6,4849918
436358.5,4849918
436363.5,4849918
436368.4,4849918
436373.3,4849918
436378.3,4849918
436383.2,4849918
436388.1,4849918
436393.1,4849918
436398,4849918
436402.9,4849918
436407.9,4849918
436412.8,4849918
436417.7,4849918
436422.7,4849918
436427.6,4849918
436432.5,4849918
436437.4,4849918
436442.4,4849918
436447.3,4849918
436452.2,4849918
436457.2,4849918
436462.1,4849918
436467,4849918
436472,4849918
436476.9,4849918
436481.8,4849918
436486.8,4849918
436491.7,4849918
436496.6,4849918
436501.6,4849918
436506.5,4849918
436511.4,4849918
436516.4,4849918
436521.3,4849918
436526.2,4849918
436531.2,4849918
436536.1,4849918
436541,4849918
436546,4849918
436550.9,4849918
436555.8,4849918
436560.8,4849918
436565.7,4849918
436309.2,4849913
436314.1,4849913
436319.1,4849913
436324,4849913
436328.9,4849913
436333.9,4849913
436338.8,4849913
436343.7,4849913
436348.7,4849913
436353.6,4849913
436358.5,4849913
436363.5,4849913
436368.4,4849913
436373.3,4849913
436378.3,4849913
436383.2,4849913
436388.1,4849913
436393.1,4849913
436398,4849913
436402.9,4849913
436407.9,4849913
436412.8,4849913
436417.7,4849913
436422.7,4849913
436427.6,4849913
436432.5,4849913
436437.4,4849913
436442.4,4849913
436447.3,4849913
436452.2,4849913
436457.2,4849913
436462.1,4849913
436467,4849913
436472,4849913
436476.9,4849913
436481.8,4849913
436486.8,4849913
436491.7,4849913
436496.6,4849913
436501.6,4849913
436506.5,4849913
436511.4,4849913
436516.4,4849913
436521.3,4849913
436526.2,4849913
436531.2,4849913
436536.1,4849913
436541,4849913
436546,4849913
436550.9,4849913
436555.8,4849913
436560.8,4849913
436309.2,4849908
436314.1,4849908
436319.1,4849908
436324,4849908
436328.9,4849908
436333.9,4849908
436338.8,4849908
436343.7,4849908
436348.7,4849908
436353.6,4849908
436358.5,4849908
436363.5,4849908
436368.4,4849908
436373.3,4849908
436378.3,4849908
436383.2,4849908
436388.1,4849908
436393.1,4849908
436398,4849908
436402.9,4849908
436407.9,4849908
436412.8,4849908
436417.7,4849908
436422.7,4849908
436427.6,4849908
436432.5,4849908
436437.4,4849908
436442.4,4849908
436447.3,4849908
436452.2,4849908
436457.2,4849908
436462.1,4849908
436467,4849908
436472,4849908
436476.9,4849908
436481.8,4849908
436486.8,4849908
436491.7,4849908
436496.6,4849908
436501.6,4849908
436506.5,4849908
436511.4,4849908
436516.4,4849908
436521.3,4849908
436526.2,4849908
436531.2,4849908
436536.1,4849908
436541,4849908
436546,4849908
436550.9,4849908
436555.8,4849908
436560.8,4849908
436309.2,4849903
436314.1,4849903
436319.1,4849903
436324,4849903
436328.9,4849903
436333.9,4849903
436338.8,4849903
436343.7,4849903
436348.7,4849903
436353.6,4849903
436358.5,4849903
436363.5,4849903
436368.4,4849903
436373.3,4849903
436378.3,4849903
436383.2,4849903
436388.1,4849903
436393.1,4849903
436398,4849903
436402.9,4849903
436407.9,4849903
436412.8,4849903
436417.7,4849903
436422.7,4849903
436427.6,4849903
436432.5,4849903
436437.4,4849903
436442.4,4849903
436447.3,4849903
436452.2,4849903
436457.2,4849903
436462.1,4849903
436467,4849903
436472,4849903
436476.9,4849903
436481.8,4849903
436486.8,4849903
436491.7,4849903
436496.6,4849903
436501.6,4849903
436506.5,4849903
436511.4,4849903
436516.4,4849903
436521.3,4849903
436526.2,4849903
436531.2,4849903
436536.1,4849903
436541,4849903
436546,4849903
436550.9,4849903
436555.8,4849903
436309.2,4849898
436314.1,4849898
436319.1,4849898
436324,4849898
436328.9,4849898
436333.9,4849898
436338.8,4849898
436343.7,4849898
436348.7,4849898
436353.6,4849898
436358.5,4849898
436363.5,4849898
436368.4,4849898
436373.3,4849898
436378.3,4849898
436383.2,4849898
436388.1,4849898
436393.1,4849898
436398,4849898
436402.9,4849898
436407.9,4849898
436412.8,4849898
436417.7,4849898
436422.7,4849898
436427.6,4849898
436432.5,4849898
436437.4,4849898
436442.4,4849898
436447.3,4849898
436452.2,4849898
436457.2,4849898
436462.1,4849898
436467,4849898
436472,4849898
436476.9,4849898
436481.8,4849898
436486.8,4849898
436491.7,4849898
436496.6,4849898
436501.6,4849898
436506.5,4849898
436511.4,4849898
436516.4,4849898
436521.3,4849898
436526.2,4849898
436531.2,4849898
436536.1,4849898
436541,4849898
436546,4849898
436550.9,4849898
436309.2,4849893
436314.1,4849893
436319.1,4849893
436324,4849893
436328.9,4849893
436333.9,4849893
436338.8,4849893
436343.7,4849893
436348.7,4849893
436353.6,4849893
436358.5,4849893
436363.5,4849893
436368.4,4849893
436373.3,4849893
436378.3,4849893
436383.2,4849893
436388.1,4849893
436393.1,4849893
436398,4849893
436402.9,4849893
436407.9,4849893
436412.8,4849893
436417.7,4849893
436422.7,4849893
436427.6,4849893
436432.5,4849893
436437.4,4849893
436442.4,4849893
436447.3,4849893
436452.2,4849893
436457.2,4849893
436462.1,4849893
436467,4849893
436472,4849893
436476.9,4849893
436481.8,4849893
436486.8,4849893
436491.7,4849893
436496.6,4849893
436501.6,4849893
436506.5,4849893
436511.4,4849893
436516.4,4849893
436521.3,4849893
436526.2,4849893
436531.2,4849893
436536.1,4849893
436541,4849893
436546,4849893
436550.9,4849893
436309.2,4849888
436314.1,4849888
436319.1,4849888
436324,4849888
436328.9,4849888
436333.9,4849888
436338.8,4849888
436343.7,4849888
436348.7,4849888
436353.6,4849888
436358.5,4849888
436363.5,4849888
436368.4,4849888
436373.3,4849888
436378.3,4849888
436383.2,4849888
436388.1,4849888
436393.1,4849888
436398,4849888
436402.9,4849888
436407.9,4849888
436412.8,4849888
436417.7,4849888
436422.7,4849888
436427.6,4849888
436432.5,4849888
436437.4,4849888
436442.4,4849888
436447.3,4849888
436452.2,4849888
436457.2,4849888
436462.1,4849888
436467,4849888
436472,4849888
436476.9,4849888
436481.8,4849888
436486.8,4849888
436491.7,4849888
436496.6,4849888
436501.6,4849888
436506.5,4849888
436511.4,4849888
436516.4,4849888
436521.3,4849888
436526.2,4849888
436531.2,4849888
436536.1,4849888
436541,4849888
436546,4849888
436309.2,4849883
436314.1,4849883
436319.1,4849883
436324,4849883
436328.9,4849883
436333.9,4849883
436338.8,4849883
436343.7,4849883
436348.7,4849883
436353.6,4849883
436358.5,4849883
436363.5,4849883
436368.4,4849883
436373.3,4849883
436378.3,4849883
436383.2,4849883
436388.1,4849883
436393.1,4849883
436398,4849883
436402.9,4849883
436407.9,4849883
436412.8,4849883
436417.7,4849883
436422.7,4849883
436427.6,4849883
436432.5,4849883
436437.4,4849883
436442.4,4849883
436447.3,4849883
436452.2,4849883
436457.2,4849883
436462.1,4849883
436467,4849883
436472,4849883
436476.9,4849883
436481.8,4849883
436486.8,4849883
436491.7,4849883
436496.6,4849883
436501.6,4849883
436506.5,4849883
436511.4,4849883
436516.4,4849883
436521.3,4849883
436526.2,4849883
436531.2,4849883
436536.1,4849883
436541,4849883
436309.2,4849878
436314.1,4849878
436319.1,4849878
436324,4849878
436328.9,4849878
436333.9,4849878
436338.8,4849878
436343.7,4849878
436348.7,4849878
436353.6,4849878
436358.5,4849878
436363.5,4849878
436368.4,4849878
436373.3,4849878
436378.3,4849878
436383.2,4849878
436388.1,4849878
436393.1,4849878
436398,4849878
436402.9,4849878
436407.9,4849878
436412.8,4849878
436417.7,4849878
436422.7,4849878
436427.6,4849878
436432.5,4849878
436437.4,4849878
436442.4,4849878
436447.3,4849878
436452.2,4849878
436457.2,4849878
436462.1,4849878
436467,4849878
436472,4849878
436476.9,4849878
436481.8,4849878
436486.8,4849878
436491.7,4849878
436496.6,4849878
436501.6,4849878
436506.5,4849878
436511.4,4849878
436516.4,4849878
436521.3,4849878
436526.2,4849878
436531.2,4849878
436536.1,4849878
436309.2,4849873
436314.1,4849873
436319.1,4849873
436324,4849873
436328.9,4849873
436333.9,4849873
436338.8,4849873
436343.7,4849873
436348.7,4849873
436353.6,4849873
436358.5,4849873
436363.5,4849873
436368.4,4849873
436373.3,4849873
436378.3,4849873
436383.2,4849873
436388.1,4849873
436393.1,4849873
436398,4849873
436402.9,4849873
436407.9,4849873
436412.8,4849873
436417.7,4849873
436422.7,4849873
436427.6,4849873
436432.5,4849873
436437.4,4849873
436442.4,4849873
436447.3,4849873
436452.2,4849873
436457.2,4849873
436462.1,4849873
436467,4849873
436472,4849873
436476.9,4849873
436481.8,4849873
436486.8,4849873
436491.7,4849873
436496.6,4849873
436501.6,4849873
436506.5,4849873
436511.4,4849873
436516.4,4849873
436521.3,4849873
436526.2,4849873
436531.2,4849873
436309.2,4849868
436314.1,4849868
436319.1,4849868
436324,4849868
436328.9,4849868
436333.9,4849868
436338.8,4849868
436343.7,4849868
436348.7,4849868
436353.6,4849868
436358.5,4849868
436363.5,4849868
436368.4,4849868
436373.3,4849868
436378.3,4849868
436383.2,4849868
436388.1,4849868
436393.1,4849868
436398,4849868
436402.9,4849868
436407.9,4849868
436412.8,4849868
436417.7,4849868
436422.7,4849868
436427.6,4849868
436432.5,4849868
436437.4,4849868
436442.4,4849868
436447.3,4849868
436452.2,4849868
436457.2,4849868
436462.1,4849868
436467,4849868
436472,4849868
436476.9,4849868
436481.8,4849868
436486.8,4849868
436491.7,4849868
436496.6,4849868
436501.6,4849868
436506.5,4849868
436511.4,4849868
436516.4,4849868
436521.3,4849868
436526.2,4849868
436309.2,4849863
436314.1,4849863
436319.1,4849863
436324,4849863
436328.9,4849863
436333.9,4849863
436338.8,4849863
436343.7,4849863
436348.7,4849863
436353.6,4849863
436358.5,4849863
436363.5,4849863
436368.4,4849863
436373.3,4849863
436378.3,4849863
436383.2,4849863
436388.1,4849863
436393.1,4849863
436398,4849863
436402.9,4849863
436407.9,4849863
436412.8,4849863
436417.7,4849863
436422.7,4849863
436427.6,4849863
436432.5,4849863
436437.4,4849863
436442.4,4849863
436447.3,4849863
436452.2,4849863
436457.2,4849863
436462.1,4849863
436467,4849863
436472,4849863
436476.9,4849863
436481.8,4849863
436486.8,4849863
436491.7,4849863
436496.6,4849863
436501.6,4849863
436506.5,4849863
436511.4,4849863
436516.4,4849863
436521.3,4849863
436309.2,4849858
436314.1,4849858
436319.1,4849858
436324,4849858
436328.9,4849858
436333.9,4849858
436338.8,4849858
436343.7,4849858
436348.7,4849858
436353.6,4849858
436358.5,4849858
436363.5,4849858
436368.4,4849858
436373.3,4849858
436378.3,4849858
436383.2,4849858
436388.1,4849858
436393.1,4849858
436398,4849858
436402.9,4849858
436407.9,4849858
436412.8,4849858
436417.7,4849858
436422.7,4849858
436427.6,4849858
436432.5,4849858
436437.4,4849858
436442.4,4849858
436447.3,4849858
436452.2,4849858
436457.2,4849858
436462.1,4849858
436467,4849858
436472,4849858
436476.9,4849858
436481.8,4849858
436486.8,4849858
436491.7,4849858
436496.6,4849858
436501.6,4849858
436506.5,4849858
436511.4,4849858
436516.4,4849858
436309.2,4849853
436314.1,4849853
436319.1,4849853
436324,4849853
436328.9,4849853
436333.9,4849853
436338.8,4849853
436343.7,4849853
436348.7,4849853
436353.6,4849853
436358.5,4849853
436363.5,4849853
436368.4,4849853
436373.3,4849853
436378.3,4849853
436383.2,4849853
436388.1,4849853
436393.1,4849853
436398,4849853
436402.9,4849853
436407.9,4849853
436412.8,4849853
436417.7,4849853
436422.7,4849853
436427.6,4849853
436432.5,4849853
436437.4,4849853
436442.4,4849853
436447.3,4849853
436452.2,4849853
436457.2,4849853
436462.1,4849853
436467,4849853
436472,4849853
436476.9,4849853
436481.8,4849853
436486.8,4849853
436491.7,4849853
436496.6,4849853
436501.6,4849853
436506.5,4849853
436511.4,4849853
436309.2,4849848
436314.1,4849848
436319.1,4849848
436324,4849848
436328.9,4849848
436333.9,4849848
436338.8,4849848
436343.7,4849848
436348.7,4849848
436353.6,4849848
436358.5,4849848
436363.5,4849848
436368.4,4849848
436373.3,4849848
436378.3,4849848
436383.2,4849848
436388.1,4849848
436393.1,4849848
436398,4849848
436402.9,4849848
436407.9,4849848
436412.8,4849848
436417.7,4849848
436422.7,4849848
436427.6,4849848
436432.5,4849848
436437.4,4849848
436442.4,4849848
436447.3,4849848
436452.2,4849848
436457.2,4849848
436462.1,4849848
436467,4849848
436472,4849848
436476.9,4849848
436481.8,4849848
436486.8,4849848
436491.7,4849848
436496.6,4849848
436501.6,4849848
436506.5,4849848
436309.2,4849844
436314.1,4849844
436319.1,4849844
436324,4849844
436328.9,4849844
436333.9,4849844
436338.8,4849844
436343.7,4849844
436348.7,4849844
436353.6,4849844
436358.5,4849844
436363.5,4849844
436368.4,4849844
436373.3,4849844
436378.3,4849844
436383.2,4849844
436388.1,4849844
436393.1,4849844
436398,4849844
436402.9,4849844
436407.9,4849844
436412.8,4849844
436417.7,4849844
436422.7,4849844
436427.6,4849844
436432.5,4849844
436437.4,4849844
436442.4,4849844
436447.3,4849844
436452.2,4849844
436457.2,4849844
436462.1,4849844
436467,4849844
436472,4849844
436476.9,4849844
436481.8,4849844
436486.8,4849844
436491.7,4849844
436496.6,4849844
436501.6,4849844
436309.2,4849839
436314.1,4849839
436319.1,4849839
436324,4849839
436328.9,4849839
436333.9,4849839
436338.8,4849839
436343.7,4849839
436348.7,4849839
436353.6,4849839
436358.5,4849839
436363.5,4849839
436368.4,4849839
436373.3,4849839
436378.3,4849839
436383.2,4849839
436388.1,4849839
436393.1,4849839
436398,4849839
436402.9,4849839
436407.9,4849839
436412.8,4849839
436417.7,4849839
436422.7,4849839
436427.6,4849839
436432.5,4849839
436437.4,4849839
436442.4,4849839
436447.3,4849839
436452.2,4849839
436457.2,4849839
436462.1,4849839
436467,4849839
436472,4849839
436476.9,4849839
436481.8,4849839
436486.8,4849839
436491.7,4849839
436496.6,4849839
436309.2,4849834
436314.1,4849834
436319.1,4849834
436324,4849834
436328.9,4849834
436333.9,4849834
436338.8,4849834
436343.7,4849834
436348.7,4849834
436353.6,4849834
436358.5,4849834
436363.5,4849834
436368.4,4849834
436373.3,4849834
436378.3,4849834
436383.2,4849834
436388.1,4849834
436393.1,4849834
436398,4849834
436402.9,4849834
436407.9,4849834
436412.8,4849834
436417.7,4849834
436422.7,4849834
436427.6,4849834
436432.5,4849834
436437.4,4849834
436442.4,4849834
436447.3,4849834
436452.2,4849834
436457.2,4849834
436462.1,4849834
436467,4849834
436472,4849834
436476.9,4849834
436481.8,4849834
436486.8,4849834
436309.2,4849829
436314.1,4849829
436319.1,4849829
436324,4849829
436328.9,4849829
436333.9,4849829
436338.8,4849829
436343.7,4849829
436348.7,4849829
436353.6,4849829
436358.5,4849829
436363.5,4849829
436368.4,4849829
436373.3,4849829
436378.3,4849829
436383.2,4849829
436388.1,4849829
436393.1,4849829
436398,4849829
436402.9,4849829
436407.9,4849829
436412.8,4849829
436417.7,4849829
436422.7,4849829
436427.6,4849829
436432.5,4849829
436437.4,4849829
436442.4,4849829
436447.3,4849829
436452.2,4849829
436457.2,4849829
436462.1,4849829
436467,4849829
436472,4849829
436476.9,4849829
436481.8,4849829
436309.2,4849824
436314.1,4849824
436319.1,4849824
436324,4849824
436328.9,4849824
436333.9,4849824
436338.8,4849824
436343.7,4849824
436348.7,4849824
436353.6,4849824
436358.5,4849824
436363.5,4849824
436368.4,4849824
436373.3,4849824
436378.3,4849824
436383.2,4849824
436388.1,4849824
436393.1,4849824
436398,4849824
436402.9,4849824
436407.9,4849824
436412.8,4849824
436417.7,4849824
436422.7,4849824
436427.6,4849824
436432.5,4849824
436437.4,4849824
436442.4,4849824
436447.3,4849824
436452.2,4849824
436457.2,4849824
436462.1,4849824
436467,4849824
436472,4849824
436476.9,4849824
436309.2,4849819
436314.1,4849819
436319.1,4849819
436324,4849819
436328.9,4849819
436333.9,4849819
436338.8,4849819
436343.7,4849819
436348.7,4849819
436353.6,4849819
436358.5,4849819
436363.5,4849819
436368.4,4849819
436373.3,4849819
436378.3,4849819
436383.2,4849819
436388.1,4849819
436393.1,4849819
436398,4849819
436402.9,4849819
436407.9,4849819
436412.8,4849819
436417.7,4849819
436422.7,4849819
436427.6,4849819
436432.5,4849819
436437.4,4849819
436442.4,4849819
436447.3,4849819
436452.2,4849819
436457.2,4849819
436462.1,4849819
436467,4849819
436309.2,4849814
436314.1,4849814
436319.1,4849814
436324,4849814
436328.9,4849814
436333.9,4849814
436338.8,4849814
436343.7,4849814
436348.7,4849814
436353.6,4849814
436358.5,4849814
436363.5,4849814
436368.4,4849814
436373.3,4849814
436378.3,4849814
436383.2,4849814
436388.1,4849814
436393.1,4849814
436398,4849814
436402.9,4849814
436407.9,4849814
436412.8,4849814
436417.7,4849814
436422.7,4849814
436427.6,4849814
436432.5,4849814
436437.4,4849814
436442.4,4849814
436447.3,4849814
436452.2,4849814
436457.2,4849814
436462.1,4849814
436309.2,4849809
436314.1,4849809
436319.1,4849809
436324,4849809
436328.9,4849809
436333.9,4849809
436338.8,4849809
436343.7,4849809
436348.7,4849809
436353.6,4849809
436358.5,4849809
436363.5,4849809
436368.4,4849809
436373.3,4849809
436378.3,4849809
436383.2,4849809
436388.1,4849809
436393.1,4849809
436398,4849809
436402.9,4849809
436407.9,4849809
436412.8,4849809
436417.7,4849809
436422.7,4849809
436427.6,4849809
436432.5,4849809
436437.4,4849809
436442.4,4849809
436447.3,4849809
436452.2,4849809
436309.2,4849804
436314.1,4849804
436319.1,4849804
436324,4849804
436328.9,4849804
436333.9,4849804
436338.8,4849804
436343.7,4849804
436348.7,4849804
436353.6,4849804
436358.5,4849804
436363.5,4849804
436368.4,4849804
436373.3,4849804
436378.3,4849804
436383.2,4849804
436388.1,4849804
436393.1,4849804
436398,4849804
436402.9,4849804
436407.9,4849804
436412.8,4849804
436417.7,4849804
436422.7,4849804
436427.6,4849804
436432.5,4849804
436437.4,4849804
436442.4,4849804
436309.2,4849799
436314.1,4849799
436319.1,4849799
436324,4849799
436328.9,4849799
436333.9,4849799
436338.8,4849799
436343.7,4849799
436348.7,4849799
436353.6,4849799
436358.5,4849799
436363.5,4849799
436368.4,4849799
436373.3,4849799
436378.3,4849799
436383.2,4849799
436388.1,4849799
436393.1,4849799
436398,4849799
436402.9,4849799
436407.9,4849799
436412.8,4849799
436417.7,4849799
436422.7,4849799
436427.6,4849799
436432.5,4849799
436437.4,4849799
436309.2,4849794
436314.1,4849794
436319.1,4849794
436324,4849794
436328.9,4849794
436333.9,4849794
436338.8,4849794
436343.7,4849794
436348.7,4849794
436353.6,4849794
436358.5,4849794
436363.5,4849794
436368.4,4849794
436373.3,4849794
436378.3,4849794
436383.2,4849794
436388.1,4849794
436393.1,4849794
436398,4849794
436402.9,4849794
436407.9,4849794
436412.8,4849794
436417.7,4849794
436422.7,4849794
436309.2,4849789
436314.1,4849789
436319.1,4849789
436324,4849789
436328.9,4849789
436333.9,4849789
436338.8,4849789
436343.7,4849789
436348.7,4849789
436353.6,4849789
436358.5,4849789
436363.5,4849789
436368.4,4849789
436373.3,4849789
436378.3,4849789
436383.2,4849789
436388.1,4849789
436393.1,4849789
436398,4849789
436402.9,4849789
436407.9,4849789
436412.8,4849789
436309.2,4849784
436314.1,4849784
436319.1,4849784
436324,4849784
436328.9,4849784
436333.9,4849784
436338.8,4849784
436343.7,4849784
436348.7,4849784
436353.6,4849784
436358.5,4849784
436363.5,4849784
436368.4,4849784
436373.3,4849784
436378.3,4849784
436383.2,4849784
436388.1,4849784
436393.1,4849784
436398,4849784
436402.9,4849784
436309.2,4849779
436314.1,4849779
436319.1,4849779
436324,4849779
436328.9,4849779
436333.9,4849779
436338.8,4849779
436343.7,4849779
436348.7,4849779
436353.6,4849779
436358.5,4849779
436363.5,4849779
436368.4,4849779
436373.3,4849779
436378.3,4849779
436383.2,4849779
436388.1,4849779
436309.2,4849774
436314.1,4849774
436319.1,4849774
436324,4849774
436328.9,4849774
436333.9,4849774
436338.8,4849774
436343.7,4849774
436348.7,4849774
436353.6,4849774
436358.5,4849774
436363.5,4849774
436368.4,4849774
436309.2,4849769
436314.1,4849769
436319.1,4849769
436324,4849769
436328.9,4849769
436333.9,4849769
436338.8,4849769
